src/content/content.c:32:0: information: Include file: "desktop/knockout.h" not found. [missingInclude]
#include "desktop/knockout.h"
^
src/content/content.c:33:0: information: Include file: "wisp/bitmap.h" not found. [missingInclude]
#include "wisp/bitmap.h"
^
src/content/content.c:34:0: information: Include file: "wisp/browser_window.h" not found. [missingInclude]
#include "wisp/browser_window.h"
^
src/content/content.c:35:0: information: Include file: "wisp/content.h" not found. [missingInclude]
#include "wisp/content.h"
^
src/content/content.c:42:0: information: Include file: "content/content_debug.h" not found. [missingInclude]
#include "content/content_debug.h"
^
src/content/content.c:43:0: information: Include file: "content/textsearch.h" not found. [missingInclude]
#include "content/textsearch.h"
^
src/content/content.c:44:0: information: Include file: "content/urldb.h" not found. [missingInclude]
#include "content/urldb.h"
^
src/content/content.c:711:46: style: Parameter 'c' can be declared as pointer to const [constParameterPointer]
uint32_t content_count_users(struct content *c)
                                             ^
src/content/content.c:713:26: style: Variable 'user' can be declared as pointer to const [constVariablePointer]
    struct content_user *user;
                         ^
src/content/content.c:1120:52: style: Parameter 'c' can be declared as pointer to const [constParameterPointer]
content_status content__get_status(struct content *c)
                                                   ^
src/content/content.c:1137:57: style: Parameter 'c' can be declared as pointer to const [constParameterPointer]
const char *content__get_status_message(struct content *c)
                                                        ^
src/content/content.c:1154:40: style: Parameter 'c' can be declared as pointer to const [constParameterPointer]
int content__get_width(struct content *c)
                                       ^
src/content/content.c:1171:41: style: Parameter 'c' can be declared as pointer to const [constParameterPointer]
int content__get_height(struct content *c)
                                        ^
src/content/content.c:1207:50: style: Parameter 'c' can be declared as pointer to const [constParameterPointer]
int content__get_available_width(struct content *c)
                                                 ^
src/content/content.c:1262:49: style: Parameter 'c' can be declared as pointer to const [constParameterPointer]
nsurl *content__get_refresh_url(struct content *c)
                                                ^
src/content/content.c:1313:21: style: Variable 'c' can be declared as pointer to const [constVariablePointer]
    struct content *c = hlcache_handle_get_content(h);
                    ^
src/content/content.c:1350:41: style: Parameter 'c' can be declared as pointer to const [constParameterPointer]
bool content__is_locked(struct content *c)
                                        ^
src/content/content.c:1357:66: style: Parameter 'c' can be declared as pointer to const [constParameterPointer]
const llcache_handle *content_get_llcache_handle(struct content *c)
                                                                 ^
src/content/content_factory.c:28:0: information: Include file: "utils/http.h" not found. [missingInclude]
#include "utils/http.h"
^
src/content/content_factory.c:33:0: information: Include file: "content/content_factory.h" not found. [missingInclude]
#include "content/content_factory.h"
^
src/content/content_factory.c:55:28: style: The scope of the variable 'victim' can be reduced. [variableScope]
    content_handler_entry *victim;
                           ^
src/content/csp.c:90:19: style: Variable 'slash' can be declared as pointer to const [constVariablePointer]
            char *slash = strchr(host_start, '/');
                  ^
src/content/csp.c:122:15: style: Variable 'slash' can be declared as pointer to const [constVariablePointer]
        char *slash = strchr(token, '/');
              ^
src/content/csp.c:202:38: style: Parameter 'src' can be declared as pointer to const [constParameterPointer]
static bool match_source(csp_source *src, nsurl *base_url, nsurl *url) {
                                     ^
src/content/fetch.c:51:0: information: Include file: "utils/ring.h" not found. [missingInclude]
#include "utils/ring.h"
^
src/content/fetch.c:54:0: information: Include file: "content/fetchers.h" not found. [missingInclude]
#include "content/fetchers.h"
^
src/content/fetch.c:55:0: information: Include file: "content/fetchers/about/about.h" not found. [missingInclude]
#include "content/fetchers/about/about.h"
^
src/content/fetch.c:56:0: information: Include file: "content/fetchers/curl.h" not found. [missingInclude]
#include "content/fetchers/curl.h"
^
src/content/fetch.c:57:0: information: Include file: "content/fetchers/data.h" not found. [missingInclude]
#include "content/fetchers/data.h"
^
src/content/fetch.c:58:0: information: Include file: "content/fetchers/file/file.h" not found. [missingInclude]
#include "content/fetchers/file/file.h"
^
src/content/fetch.c:59:0: information: Include file: "content/fetchers/resource.h" not found. [missingInclude]
#include "content/fetchers/resource.h"
^
src/content/fetch.c:60:0: information: Include file: "content/handlers/javascript/fetcher.h" not found. [missingInclude]
#include "content/handlers/javascript/fetcher.h"
^
src/content/fetch.c:61:0: information: Include file: "content/urldb.h" not found. [missingInclude]
#include "content/urldb.h"
^
src/content/fetch.c:247:9: style: The scope of the variable 'fetcherd' can be reduced. [variableScope]
    int fetcherd;
        ^
src/content/fetch.c:569:36: style: Parameter 'fetch' can be declared as pointer to const [constParameterPointer]
long fetch_http_code(struct fetch *fetch)
                                   ^
src/content/fetch.c:101:19: style: struct member 'fetch::r_prev' is never used. [unusedStructMember]
    struct fetch *r_prev; /**< Previous active fetch in ::fetch_ring. */
                  ^
src/content/fetchers/about/about.c:42:0: information: Include file: "utils/messages.h" not found. [missingInclude]
#include "utils/messages.h"
^
src/content/fetchers/about/about.c:43:0: information: Include file: "utils/ring.h" not found. [missingInclude]
#include "utils/ring.h"
^
src/content/fetchers/about/about.c:46:0: information: Include file: "content/fetchers.h" not found. [missingInclude]
#include "content/fetchers.h"
^
src/content/fetchers/about/about.c:602:33: style: The scope of the variable 'c' can be reduced. [variableScope]
    struct fetch_about_context *c, *save_ring = NULL;
                                ^
src/content/fetchers/about/about.c:216:56: style: Parameter 'ctx' can be declared as pointer to const [constParameterPointer]
nsurl *fetch_about_get_url(struct fetch_about_context *ctx)
                                                       ^
src/content/fetchers/about/about.c:223:90: style: Parameter 'ctx' can be declared as pointer to const [constParameterPointer]
const struct fetch_multipart_data *fetch_about_get_multipart(struct fetch_about_context *ctx)
                                                                                         ^
src/content/fetchers/about/about.c:71:33: style: struct member 'fetch_about_context::r_next' is never used. [unusedStructMember]
    struct fetch_about_context *r_next, *r_prev;
                                ^
src/content/fetchers/about/about.c:71:42: style: struct member 'fetch_about_context::r_prev' is never used. [unusedStructMember]
    struct fetch_about_context *r_next, *r_prev;
                                         ^
src/content/fetchers/about/blank.c:29:0: information: Include file: "wisp/types.h" not found. [missingInclude]
#include "wisp/types.h"
^
src/content/fetchers/about/certificate.c:33:0: information: Include file: "wisp/ssl_certs.h" not found. [missingInclude]
#include "wisp/ssl_certs.h"
^
src/content/fetchers/about/certificate.c:80:9: style: struct member 'ns_cert_info::sig_type' is never used. [unusedStructMember]
    int sig_type; /**< Signature type */
        ^
src/content/fetchers/about/certificate.c:275:21: style: The scope of the variable 'ecpoint' can be reduced. [variableScope]
    const EC_POINT *ecpoint;
                    ^
src/content/fetchers/about/certificate.c:276:12: style: The scope of the variable 'len' can be reduced. [variableScope]
    size_t len;
           ^
src/content/fetchers/about/certificate.c:277:13: style: The scope of the variable 'bnctx' can be reduced. [variableScope]
    BN_CTX *bnctx;
            ^
src/content/fetchers/about/certificate.c:338:22: style: The scope of the variable 'entry' can be reduced. [variableScope]
    X509_NAME_ENTRY *entry; /* current name entry */
                     ^
src/content/fetchers/about/certificate.c:341:18: style: The scope of the variable 'name' can be reduced. [variableScope]
    ASN1_OBJECT *name;
                 ^
src/content/fetchers/about/certificate.c:342:9: style: The scope of the variable 'name_nid' can be reduced. [variableScope]
    int name_nid;
        ^
src/content/fetchers/about/certificate.c:407:11: style: The scope of the variable 'out' can be reduced. [variableScope]
    char *out;
          ^
src/content/fetchers/about/certificate.c:408:9: style: The scope of the variable 'cn' can be reduced. [variableScope]
    int cn = 0;
        ^
src/content/fetchers/about/certificate.c:442:11: style: The scope of the variable 'out' can be reduced. [variableScope]
    char *out;
          ^
src/content/fetchers/about/certificate.c:443:18: style: The scope of the variable 'idx' can be reduced. [variableScope]
    unsigned int idx;
                 ^
src/content/fetchers/about/certificate.c:684:13: style: The scope of the variable 'bignum' can be reduced. [variableScope]
    BIGNUM *bignum;
            ^
src/content/fetchers/about/certificate.c:439:36: style: Parameter 'bin' can be declared as pointer to const [constParameterPointer]
static char *bindup(unsigned char *bin, unsigned int binlen)
                                   ^
src/content/fetchers/about/certificate.c:339:18: style: The scope of the variable 'value' can be reduced. [variableScope]
    ASN1_STRING *value;
                 ^
src/content/fetchers/about/certificate.c:634:25: style: The scope of the variable 'current_name' can be reduced. [variableScope]
    const GENERAL_NAME *current_name;
                        ^
src/content/fetchers/about/choices.c:28:0: information: Include file: "utils/errors.h" not found. [missingInclude]
#include "utils/errors.h"
^
src/content/fetchers/about/choices.c:29:0: information: Include file: "utils/nsoption.h" not found. [missingInclude]
#include "utils/nsoption.h"
^
src/content/fetchers/about/choices.c:30:0: information: Include file: "wisp/types.h" not found. [missingInclude]
#include "wisp/types.h"
^
src/content/fetchers/about/config.c:30:0: information: Include file: "wisp/types.h" not found. [missingInclude]
#include "wisp/types.h"
^
src/content/fetchers/about/imagecache.c:27:0: information: Include file: "wisp/types.h" not found. [missingInclude]
#include "wisp/types.h"
^
src/content/fetchers/about/imagecache.c:29:0: information: Include file: "content/handlers/image/image_cache.h" not found. [missingInclude]
#include "content/handlers/image/image_cache.h"
^
src/content/fetchers/about/nscolours.c:31:0: information: Include file: "wisp/plot_style.h" not found. [missingInclude]
#include "wisp/plot_style.h"
^
src/content/fetchers/about/nscolours.c:34:0: information: Include file: "utils/nscolour.h" not found. [missingInclude]
#include "utils/nscolour.h"
^
src/content/fetchers/about/testament.c:27:0: information: Include file: "utils/errors.h" not found. [missingInclude]
#include "utils/errors.h"
^
src/content/fetchers/about/websearch.c:30:0: information: Include file: "utils/errors.h" not found. [missingInclude]
#include "utils/errors.h"
^
src/content/fetchers/about/websearch.c:31:0: information: Include file: "utils/nsurl.h" not found. [missingInclude]
#include "utils/nsurl.h"
^
src/content/fetchers/about/websearch.c:32:0: information: Include file: "utils/url.h" not found. [missingInclude]
#include "utils/url.h"
^
src/content/fetchers/about/websearch.c:34:0: information: Include file: "content/fetch.h" not found. [missingInclude]
#include "content/fetch.h"
^
src/content/fetchers/about/websearch.c:35:0: information: Include file: "desktop/searchweb.h" not found. [missingInclude]
#include "desktop/searchweb.h"
^
src/content/fetchers/curl.c:65:0: information: Include file: "utils/hashmap.h" not found. [missingInclude]
#include "utils/hashmap.h"
^
src/content/fetchers/curl.c:66:0: information: Include file: "utils/ring.h" not found. [missingInclude]
#include "utils/ring.h"
^
src/content/fetchers/curl.c:67:0: information: Include file: "utils/useragent.h" not found. [missingInclude]
#include "utils/useragent.h"
^
src/content/fetchers/curl.c:69:0: information: Include file: "content/fetch.h" not found. [missingInclude]
#include "content/fetch.h"
^
src/content/fetchers/curl.c:70:0: information: Include file: "content/fetchers.h" not found. [missingInclude]
#include "content/fetchers.h"
^
src/content/fetchers/curl.c:71:0: information: Include file: "content/fetchers/curl.h" not found. [missingInclude]
#include "content/fetchers/curl.h"
^
src/content/fetchers/curl.c:72:0: information: Include file: "content/urldb.h" not found. [missingInclude]
#include "content/urldb.h"
^
src/content/fetchers/curl.c:356:26: style: The scope of the variable 'h' can be reduced. [variableScope]
    struct cache_handle *h;
                         ^
src/content/fetchers/curl.c:2064:18: style: Local variable 'i' shadows outer variable [shadowVariable]
        for (int i = 0; i < CURL_LOCK_DATA_LAST; i++) {
                 ^
src/content/fetchers/curl.c:2024:9: note: Shadowed declaration
    int i;
        ^
src/content/fetchers/curl.c:2064:18: note: Shadow variable
        for (int i = 0; i < CURL_LOCK_DATA_LAST; i++) {
                 ^
src/content/fetchers/curl.c:1876:37: style: Parameter 'data' can be declared as pointer to const. However it seems that 'fetch_curl_data' is a callback function, if 'data' is declared with const you might also need to cast function pointer(s). [constParameterCallback]
static size_t fetch_curl_data(char *data, size_t size, size_t nmemb, void *_f)
                                    ^
src/content/fetchers/curl.c:2147:5: note: You might need to cast the function pointer here
    SETOPT(CURLOPT_WRITEFUNCTION, fetch_curl_data);
    ^
src/content/fetchers/curl.c:1876:37: note: Parameter 'data' can be declared as pointer to const
static size_t fetch_curl_data(char *data, size_t size, size_t nmemb, void *_f)
                                    ^
src/content/fetchers/curl.c:229:10: style: struct member 'cert_info::err' is never used. [unusedStructMember]
    long err; /**< OpenSSL error code */
         ^
src/content/fetchers/curl.c:1320:33: style: Variable 'vinfo' can be declared as pointer to const [constVariablePointer]
        curl_version_info_data *vinfo = curl_version_info(CURLVERSION_NOW);
                                ^
src/content/fetchers/curl.c:1299:33: style: Variable 'vinfo' can be declared as pointer to const [constVariablePointer]
        curl_version_info_data *vinfo = curl_version_info(CURLVERSION_NOW);
                                ^
src/content/fetchers/curl.c:2128:33: style: Variable 'vinfo' can be declared as pointer to const [constVariablePointer]
        curl_version_info_data *vinfo = curl_version_info(CURLVERSION_NOW);
                                ^
src/content/fetchers/curl.c:869:29: style: Variable 'f' can be declared as pointer to const [constVariablePointer]
    struct curl_fetch_info *f = (struct curl_fetch_info *)parm;
                            ^
src/content/fetchers/data.c:35:0: information: Include file: "utils/ring.h" not found. [missingInclude]
#include "utils/ring.h"
^
src/content/fetchers/data.c:36:0: information: Include file: "utils/url.h" not found. [missingInclude]
#include "utils/url.h"
^
src/content/fetchers/data.c:40:0: information: Include file: "content/fetchers.h" not found. [missingInclude]
#include "content/fetchers.h"
^
src/content/fetchers/data.c:41:0: information: Include file: "content/fetchers/data.h" not found. [missingInclude]
#include "content/fetchers/data.h"
^
src/content/fetchers/data.c:54:32: style: struct member 'fetch_data_context::r_next' is never used. [unusedStructMember]
    struct fetch_data_context *r_next, *r_prev;
                               ^
src/content/fetchers/data.c:54:41: style: struct member 'fetch_data_context::r_prev' is never used. [unusedStructMember]
    struct fetch_data_context *r_next, *r_prev;
                                        ^
src/content/fetchers/file/dirlist.c:30:0: information: Include file: "utils/nscolour.h" not found. [missingInclude]
#include "utils/nscolour.h"
^
src/content/fetchers/file/dirlist.c:33:0: information: Include file: "wisp/plot_style.h" not found. [missingInclude]
#include "wisp/plot_style.h"
^
src/content/fetchers/file/dirlist.c:34:0: information: Include file: "wisp/types.h" not found. [missingInclude]
#include "wisp/types.h"
^
src/content/fetchers/file/dirlist.c:36:0: information: Include file: "desktop/system_colour.h" not found. [missingInclude]
#include "desktop/system_colour.h"
^
src/content/fetchers/file/dirlist.c:276:72: style: Parameter 'name' can be declared as pointer to const [constParameterPointer]
bool dirlist_generate_row(bool even, bool directory, nsurl *url, char *name, const char *mimetype, long long size,
                                                                       ^
src/content/fetchers/file/dirlist.c:277:11: style: Parameter 'date' can be declared as pointer to const [constParameterPointer]
    char *date, char *time, char *buffer, int buffer_length)
          ^
src/content/fetchers/file/dirlist.c:277:23: style: Parameter 'time' can be declared as pointer to const [constParameterPointer]
    char *date, char *time, char *buffer, int buffer_length)
                      ^
src/content/fetchers/file/file.c:54:0: information: Include file: "utils/dirent.h" not found. [missingInclude]
#include "utils/dirent.h"
^
src/content/fetchers/file/file.c:55:0: information: Include file: "utils/ring.h" not found. [missingInclude]
#include "utils/ring.h"
^
src/content/fetchers/file/file.c:56:0: information: Include file: "utils/time.h" not found. [missingInclude]
#include "utils/time.h"
^
src/content/fetchers/file/file.c:57:0: information: Include file: "wisp/fetch.h" not found. [missingInclude]
#include "wisp/fetch.h"
^
src/content/fetchers/file/file.c:61:0: information: Include file: "content/fetchers.h" not found. [missingInclude]
#include "content/fetchers.h"
^
src/content/fetchers/file/file.c:515:71: portability: Non reentrant function 'localtime' called. For threadsafe applications it is recommended to use the reentrant replacement function 'localtime_r'. [localtimeCalled]
        if (strftime((char *)&datebuf, sizeof datebuf, "%a %d %b %Y", localtime(&ent_stat.st_mtime)) == 0) {
                                                                      ^
src/content/fetchers/file/file.c:521:65: portability: Non reentrant function 'localtime' called. For threadsafe applications it is recommended to use the reentrant replacement function 'localtime_r'. [localtimeCalled]
        if (strftime((char *)&timebuf, sizeof timebuf, "%H:%M", localtime(&ent_stat.st_mtime)) == 0) {
                                                                ^
src/content/fetchers/file/file.c:726:32: style: The scope of the variable 'c' can be reduced. [variableScope]
    struct fetch_file_context *c, *save_ring = NULL;
                               ^
src/content/fetchers/file/file.c:70:32: style: struct member 'fetch_file_context::r_next' is never used. [unusedStructMember]
    struct fetch_file_context *r_next, *r_prev;
                               ^
src/content/fetchers/file/file.c:70:41: style: struct member 'fetch_file_context::r_prev' is never used. [unusedStructMember]
    struct fetch_file_context *r_next, *r_prev;
                                        ^
src/content/fetchers/file/file.c:249:11: style: Variable 'buf' can be declared as pointer to const [constVariablePointer]
    char *buf = NULL;
          ^
src/content/fetchers/ipc.c:6:0: information: Include file: "content/fetchers.h" not found. [missingInclude]
#include "content/fetchers.h"
^
src/content/fetchers/ipc.c:83:28: style: Variable 'f' can be declared as pointer to const [constVariablePointer]
    struct ipc_fetch_info *f = vf;
                           ^
src/content/fetchers/ipc.c:83:30: style: Variable 'f' is assigned a value that is never used. [unreadVariable]
    struct ipc_fetch_info *f = vf;
                             ^
src/content/fetchers/resource.c:38:0: information: Include file: "utils/ring.h" not found. [missingInclude]
#include "utils/ring.h"
^
src/content/fetchers/resource.c:39:0: information: Include file: "utils/time.h" not found. [missingInclude]
#include "utils/time.h"
^
src/content/fetchers/resource.c:40:0: information: Include file: "wisp/fetch.h" not found. [missingInclude]
#include "wisp/fetch.h"
^
src/content/fetchers/resource.c:44:0: information: Include file: "content/fetchers.h" not found. [missingInclude]
#include "content/fetchers.h"
^
src/content/fetchers/resource.c:45:0: information: Include file: "content/fetchers/resource.h" not found. [missingInclude]
#include "content/fetchers/resource.h"
^
src/content/fetchers/resource.c:428:36: style: The scope of the variable 'c' can be reduced. [variableScope]
    struct fetch_resource_context *c, *save_ring = NULL;
                                   ^
src/content/fetchers/resource.c:71:36: style: struct member 'fetch_resource_context::r_next' is never used. [unusedStructMember]
    struct fetch_resource_context *r_next, *r_prev;
                                   ^
src/content/fetchers/resource.c:71:45: style: struct member 'fetch_resource_context::r_prev' is never used. [unusedStructMember]
    struct fetch_resource_context *r_next, *r_prev;
                                            ^
src/content/fs_backing_store.c:83:0: information: Include file: "utils/hashmap.h" not found. [missingInclude]
#include "utils/hashmap.h"
^
src/content/fs_backing_store.c:85:0: information: Include file: "wisp/misc.h" not found. [missingInclude]
#include "wisp/misc.h"
^
src/content/fs_backing_store.c:2798:13: error: Memory leak: map [memleak]
            return NSERROR_OK;
            ^
src/content/fs_backing_store.c:1446:14: style: The scope of the variable 'map' can be reduced. [variableScope]
    uint8_t *map;
             ^
src/content/fs_backing_store.c:2429:9: style: The scope of the variable 'bf' can be reduced. [variableScope]
    int bf; /* block file index */
        ^
src/content/fs_backing_store.c:2430:18: style: The scope of the variable 'op_count' can be reduced. [variableScope]
    unsigned int op_count;
                 ^
src/content/fs_backing_store.c:2833:13: style: The scope of the variable 'rd' can be reduced. [variableScope]
    ssize_t rd; /* return from read */
            ^
src/content/fs_backing_store.c:2760:55: style: Parameter 'state' can be declared as pointer to const [constParameterPointer]
static nserror store_read_journal(struct store_state *state, struct store_entry *bse, int elem_idx)
                                                      ^
src/content/fs_backing_store.c:2535:21: style: Variable 'header_size' is assigned a value that is never used. [unreadVariable]
        header_size += padding;
                    ^
src/content/handlers/css/css.c:32:0: information: Include file: "utils/http.h" not found. [missingInclude]
#include "utils/http.h"
^
src/content/handlers/css/css.c:33:0: information: Include file: "content/content_factory.h" not found. [missingInclude]
#include "content/content_factory.h"
^
src/content/handlers/css/css.c:34:0: information: Include file: "desktop/system_colour.h" not found. [missingInclude]
#include "desktop/system_colour.h"
^
src/content/handlers/css/css.c:37:0: information: Include file: "content/handlers/css/hints.h" not found. [missingInclude]
#include "content/handlers/css/hints.h"
^
src/content/handlers/css/css.c:38:0: information: Include file: "content/handlers/css/internal.h" not found. [missingInclude]
#include "content/handlers/css/internal.h"
^
src/content/handlers/css/css.c:39:0: information: Include file: "content/handlers/html/font_face.h" not found. [missingInclude]
#include "content/handlers/html/font_face.h"
^
src/content/handlers/css/css.c:501:29: style: Variable 'import' can be declared as pointer to const [constVariablePointer]
            struct content *import = hlcache_handle_get_content(css->imports[i].c);
                            ^
src/content/handlers/css/css.c:582:57: style: Parameter 'parent' can be declared as pointer to const. However it seems that 'nscss_handle_import' is a callback function, if 'parent' is declared with const you might also need to cast function pointer(s). [constParameterCallback]
css_error nscss_handle_import(void *pw, css_stylesheet *parent, lwc_string *url)
                                                        ^
src/content/handlers/css/css.c:222:21: note: You might need to cast the function pointer here
    params.import = nscss_handle_import;
                    ^
src/content/handlers/css/css.c:582:57: note: Parameter 'parent' can be declared as pointer to const
css_error nscss_handle_import(void *pw, css_stylesheet *parent, lwc_string *url)
                                                        ^
src/content/handlers/css/dump.c:25:0: information: Include file: "content/handlers/css/dump.h" not found. [missingInclude]
#include "content/handlers/css/dump.h"
^
src/content/handlers/css/hints.c:28:0: information: Include file: "content/handlers/css/hints.h" not found. [missingInclude]
#include "content/handlers/css/hints.h"
^
src/content/handlers/css/hints.c:29:0: information: Include file: "content/handlers/css/select.h" not found. [missingInclude]
#include "content/handlers/css/select.h"
^
src/content/handlers/css/hints.c:103:13: style: The scope of the variable 'pwr' can be reduced. [variableScope]
    int32_t pwr = 1;
            ^
src/content/handlers/css/hints.c:527:18: style: The scope of the variable 'hint_prop' can be reduced. [variableScope]
        uint32_t hint_prop;
                 ^
src/content/handlers/css/hints.c:553:18: style: The scope of the variable 'hint_prop' can be reduced. [variableScope]
        uint32_t hint_prop;
                 ^
src/content/handlers/css/hints.c:571:18: style: The scope of the variable 'hint_prop' can be reduced. [variableScope]
        uint32_t hint_prop;
                 ^
src/content/handlers/css/hints.c:893:18: style: The scope of the variable 'hint_prop' can be reduced. [variableScope]
        uint32_t hint_prop;
                 ^
src/content/handlers/css/hints.c:202:23: portability: Shifting a negative value is technically undefined behaviour [shiftNegativeLHS]
    *value = (intpart << 10) | fracpart;
                      ^
src/content/handlers/css/internal.c:24:0: information: Include file: "content/handlers/css/internal.h" not found. [missingInclude]
#include "content/handlers/css/internal.h"
^
src/content/handlers/css/select.c:29:0: information: Include file: "desktop/system_colour.h" not found. [missingInclude]
#include "desktop/system_colour.h"
^
src/content/handlers/css/select.c:31:0: information: Include file: "content/handlers/css/hints.h" not found. [missingInclude]
#include "content/handlers/css/hints.h"
^
src/content/handlers/css/select.c:32:0: information: Include file: "content/handlers/css/internal.h" not found. [missingInclude]
#include "content/handlers/css/internal.h"
^
src/content/handlers/css/select.c:33:0: information: Include file: "content/handlers/css/select.h" not found. [missingInclude]
#include "content/handlers/css/select.h"
^
src/content/handlers/css/select.c:1233:47: style: inconclusive: Function 'node_count_siblings' argument 2 names different: declaration 'node' definition 'n'. [funcArgNamesDifferent]
css_error node_count_siblings(void *pw, void *n, bool same_name, bool after, int32_t *count)
                                              ^
src/content/handlers/css/select.c:59:54: note: Function 'node_count_siblings' argument 2 names different: declaration 'node' definition 'n'.
static css_error node_count_siblings(void *pw, void *node, bool same_name, bool after, int32_t *count);
                                                     ^
src/content/handlers/css/select.c:1233:47: note: Function 'node_count_siblings' argument 2 names different: declaration 'node' definition 'n'.
css_error node_count_siblings(void *pw, void *n, bool same_name, bool after, int32_t *count)
                                              ^
src/content/handlers/css/select.c:1344:40: style: inconclusive: Function 'node_is_link' argument 2 names different: declaration 'node' definition 'n'. [funcArgNamesDifferent]
css_error node_is_link(void *pw, void *n, bool *match)
                                       ^
src/content/handlers/css/select.c:61:47: note: Function 'node_is_link' argument 2 names different: declaration 'node' definition 'n'.
static css_error node_is_link(void *pw, void *node, bool *match);
                                              ^
src/content/handlers/css/select.c:1344:40: note: Function 'node_is_link' argument 2 names different: declaration 'node' definition 'n'.
css_error node_is_link(void *pw, void *n, bool *match)
                                       ^
src/content/handlers/css/select.c:1204:21: style: Local variable 'node_name' shadows outer function [shadowFunction]
        dom_string *node_name = NULL;
                    ^
src/content/handlers/css/select.c:35:18: note: Shadowed declaration
static css_error node_name(void *pw, void *node, css_qname *qname);
                 ^
src/content/handlers/css/select.c:1204:21: note: Shadow variable
        dom_string *node_name = NULL;
                    ^
src/content/handlers/css/select.c:1237:17: style: Local variable 'node_name' shadows outer function [shadowFunction]
    dom_string *node_name = NULL;
                ^
src/content/handlers/css/select.c:35:18: note: Shadowed declaration
static css_error node_name(void *pw, void *node, css_qname *qname);
                 ^
src/content/handlers/css/select.c:1237:17: note: Shadow variable
    dom_string *node_name = NULL;
                ^
src/content/handlers/css/select.c:1348:17: style: Local variable 'node_name' shadows outer function [shadowFunction]
    dom_string *node_name = NULL;
                ^
src/content/handlers/css/select.c:35:18: note: Shadowed declaration
static css_error node_name(void *pw, void *node, css_qname *qname);
                 ^
src/content/handlers/css/select.c:1348:17: note: Shadow variable
    dom_string *node_name = NULL;
                ^
src/content/handlers/html/box_construct.c:42:0: information: Include file: "utils/arena.h" not found. [missingInclude]
#include "utils/arena.h"
^
src/content/handlers/html/box_construct.c:43:0: information: Include file: "utils/talloc.h" not found. [missingInclude]
#include "utils/talloc.h"
^
src/content/handlers/html/box_construct.c:44:0: information: Include file: "utils/utils.h" not found. [missingInclude]
#include "utils/utils.h"
^
src/content/handlers/html/box_construct.c:45:0: information: Include file: "content/handlers/css/select.h" not found. [missingInclude]
#include "content/handlers/css/select.h"
^
src/content/handlers/html/box_construct.c:52:0: information: Include file: "content/handlers/html/box_construct.h" not found. [missingInclude]
#include "content/handlers/html/box_construct.h"
^
src/content/handlers/html/box_construct.c:53:0: information: Include file: "content/handlers/html/box_manipulate.h" not found. [missingInclude]
#include "content/handlers/html/box_manipulate.h"
^
src/content/handlers/html/box_construct.c:54:0: information: Include file: "content/handlers/html/box_normalise.h" not found. [missingInclude]
#include "content/handlers/html/box_normalise.h"
^
src/content/handlers/html/box_construct.c:55:0: information: Include file: "content/handlers/html/box_special.h" not found. [missingInclude]
#include "content/handlers/html/box_special.h"
^
src/content/handlers/html/box_construct.c:56:0: information: Include file: "content/handlers/html/object.h" not found. [missingInclude]
#include "content/handlers/html/object.h"
^
src/content/handlers/html/box_construct.c:527:3: style: inconclusive: Found duplicate branches for 'if' and 'else'. [duplicateBranch]
  if (is_open) quote = "\"";
  ^
src/content/handlers/html/box_construct.c:528:3: note: Found duplicate branches for 'if' and 'else'.
  else quote = "\"";
  ^
src/content/handlers/html/box_construct.c:527:3: note: Found duplicate branches for 'if' and 'else'.
  if (is_open) quote = "\"";
  ^
src/content/handlers/html/box_construct.c:2185:29: style: The scope of the variable 'apos1' can be reduced. [variableScope]
 char *s, *s1, *apos0 = 0, *apos1 = 0, *quot0 = 0, *quot1 = 0;
                            ^
src/content/handlers/html/box_construct.c:2185:53: style: The scope of the variable 'quot1' can be reduced. [variableScope]
 char *s, *s1, *apos0 = 0, *apos1 = 0, *quot0 = 0, *quot1 = 0;
                                                    ^
src/content/handlers/html/box_construct.c:173:15: style: Variable 'parent_box' can be declared as pointer to const [constVariablePointer]
  struct box *parent_box;
              ^
src/content/handlers/html/box_construct.c:926:14: style: Unused variable: bgimage_uri [unusedVariable]
 lwc_string *bgimage_uri;
             ^
src/content/handlers/html/box_construct.c:1853:10: style: Unused variable: i [unusedVariable]
  size_t i;
         ^
src/content/handlers/html/box_construct.c:2185:23: style: Variable 'apos0' is assigned a value that is never used. [unreadVariable]
 char *s, *s1, *apos0 = 0, *apos1 = 0, *quot0 = 0, *quot1 = 0;
                      ^
src/content/handlers/html/box_construct.c:2185:47: style: Variable 'quot0' is assigned a value that is never used. [unreadVariable]
 char *s, *s1, *apos0 = 0, *apos1 = 0, *quot0 = 0, *quot1 = 0;
                                              ^
src/content/handlers/html/box_inspect.c:34:0: information: Include file: "content/handlers/css/dump.h" not found. [missingInclude]
#include "content/handlers/css/dump.h"
^
src/content/handlers/html/box_inspect.c:35:0: information: Include file: "desktop/scrollbar.h" not found. [missingInclude]
#include "desktop/scrollbar.h"
^
src/content/handlers/html/box_inspect.c:424:9: style: The scope of the variable 'yd' can be reduced. [variableScope]
    int yd = INT_MAX;
        ^
src/content/handlers/html/box_inspect.c:425:9: style: The scope of the variable 'xd' can be reduced. [variableScope]
    int xd = INT_MAX;
        ^
src/content/handlers/html/box_inspect.c:644:21: style: The scope of the variable 'b' can be reduced. [variableScope]
    struct box *a, *b;
                    ^
src/content/handlers/html/box_inspect.c:154:63: style: Parameter 'b' can be declared as pointer to const [constParameterPointer]
static inline void box_offset_to_containing_block(struct box *b, int *dx, int *dy)
                                                              ^
src/content/handlers/html/box_inspect.c:677:21: style: Variable 'prev' can be declared as pointer to const [constVariablePointer]
    struct box *c, *prev;
                    ^
src/content/handlers/html/box_manipulate.c:37:0: information: Include file: "utils/arena.h" not found. [missingInclude]
#include "utils/arena.h"
^
src/content/handlers/html/box_manipulate.c:38:0: information: Include file: "utils/talloc.h" not found. [missingInclude]
#include "utils/talloc.h"
^
src/content/handlers/html/box_manipulate.c:47:0: information: Include file: "content/handlers/html/box_manipulate.h" not found. [missingInclude]
#include "content/handlers/html/box_manipulate.h"
^
src/content/handlers/html/box_manipulate.c:363:55: style: Parameter 'box' can be declared as pointer to const [constParameterPointer]
struct html_content *box_get_html_content(struct box *box)
                                                      ^
src/content/handlers/html/box_normalise.c:33:0: information: Include file: "content/handlers/css/select.h" not found. [missingInclude]
#include "content/handlers/css/select.h"
^
src/content/handlers/html/box_normalise.c:37:0: information: Include file: "content/handlers/html/box_manipulate.h" not found. [missingInclude]
#include "content/handlers/html/box_manipulate.h"
^
src/content/handlers/html/box_normalise.c:38:0: information: Include file: "content/handlers/html/box_normalise.h" not found. [missingInclude]
#include "content/handlers/html/box_normalise.h"
^
src/content/handlers/html/box_normalise.c:39:0: information: Include file: "content/handlers/html/table.h" not found. [missingInclude]
#include "content/handlers/html/table.h"
^
src/content/handlers/html/box_normalise.c:449:15: style: The scope of the variable 'group_rows_left' can be reduced. [variableScope]
 unsigned int group_rows_left;
              ^
src/content/handlers/html/box_normalise.c:443:39: style: Parameter 'table' can be declared as pointer to const [constParameterPointer]
box_normalise_table_spans(struct box *table, const struct box *root, struct span_info *spans, html_content *c)
                                      ^
src/content/handlers/html/box_normalise.c:445:14: style: Variable 'table_row_group' can be declared as pointer to const [constVariablePointer]
 struct box *table_row_group;
             ^
src/content/handlers/html/box_normalise.c:572:18: style: Variable 'group_rows_left' is assigned a value that is never used. [unreadVariable]
  group_rows_left--;
                 ^
src/content/handlers/html/box_special.c:45:0: information: Include file: "utils/arena.h" not found. [missingInclude]
#include "utils/arena.h"
^
src/content/handlers/html/box_special.c:46:0: information: Include file: "utils/talloc.h" not found. [missingInclude]
#include "utils/talloc.h"
^
src/content/handlers/html/box_special.c:47:0: information: Include file: "content/content_factory.h" not found. [missingInclude]
#include "content/content_factory.h"
^
src/content/handlers/html/box_special.c:48:0: information: Include file: "content/handlers/css/hints.h" not found. [missingInclude]
#include "content/handlers/css/hints.h"
^
src/content/handlers/html/box_special.c:54:0: information: Include file: "content/handlers/html/box_construct.h" not found. [missingInclude]
#include "content/handlers/html/box_construct.h"
^
src/content/handlers/html/box_special.c:55:0: information: Include file: "content/handlers/html/box_manipulate.h" not found. [missingInclude]
#include "content/handlers/html/box_manipulate.h"
^
src/content/handlers/html/box_special.c:56:0: information: Include file: "content/handlers/html/box_special.h" not found. [missingInclude]
#include "content/handlers/html/box_special.h"
^
src/content/handlers/html/box_special.c:57:0: information: Include file: "content/handlers/html/box_textarea.h" not found. [missingInclude]
#include "content/handlers/html/box_textarea.h"
^
src/content/handlers/html/box_special.c:58:0: information: Include file: "content/handlers/html/html_svg.h" not found. [missingInclude]
#include "content/handlers/html/html_svg.h"
^
src/content/handlers/html/box_special.c:59:0: information: Include file: "content/handlers/html/object.h" not found. [missingInclude]
#include "content/handlers/html/object.h"
^
src/content/handlers/html/box_special.c:671:7: style: The scope of the variable 'ok' can be reduced. [variableScope]
 bool ok;
      ^
src/content/handlers/html/box_special.c:2045:18: style: Local variable 'exc' shadows outer variable [shadowVariable]
   dom_exception exc;
                 ^
src/content/handlers/html/box_special.c:1899:16: note: Shadowed declaration
 dom_exception exc;
               ^
src/content/handlers/html/box_special.c:2045:18: note: Shadow variable
   dom_exception exc;
                 ^
src/content/handlers/html/box_special.c:791:51: style: Parameter 'content' can be declared as pointer to const [constParameterPointer]
static bool box_canvas(dom_node *n, html_content *content, struct box *box, bool *convert_children)
                                                  ^
src/content/handlers/html/box_special.c:1482:53: style: Parameter 'content' can be declared as pointer to const [constParameterPointer]
static bool box_noscript(dom_node *n, html_content *content, struct box *box, bool *convert_children)
                                                    ^
src/content/handlers/html/box_textarea.c:39:0: information: Include file: "content/handlers/html/box_textarea.h" not found. [missingInclude]
#include "content/handlers/html/box_textarea.h"
^
src/content/handlers/html/box_textarea.c:40:0: information: Include file: "content/handlers/html/font.h" not found. [missingInclude]
#include "content/handlers/html/font.h"
^
src/content/handlers/html/css.c:45:0: information: Include file: "content/handlers/html/css.h" not found. [missingInclude]
#include "content/handlers/html/css.h"
^
src/content/handlers/html/css.c:257:9: portability: Returning an integer in a function with pointer return type is not portable. [CastIntegerToAddressAtReturn]
        return false;
        ^
src/content/handlers/html/css.c:357:43: style: Parameter 'c' can be declared as pointer to const [constParameterPointer]
bool html_css_process_style(html_content *c, dom_node *node)
                                          ^
src/content/handlers/html/css.c:515:19: style: Variable 'c' can be declared as pointer to const [constVariablePointer]
    html_content *c = (html_content *)hlcache_handle_get_content(h);
                  ^
src/content/handlers/html/css.c:527:54: style: Parameter 'html' can be declared as pointer to const [constParameterPointer]
bool html_css_saw_insecure_stylesheets(html_content *html)
                                                     ^
src/content/handlers/html/css_fetcher.c:38:0: information: Include file: "utils/ring.h" not found. [missingInclude]
#include "utils/ring.h"
^
src/content/handlers/html/css_fetcher.c:39:0: information: Include file: "content/fetchers.h" not found. [missingInclude]
#include "content/fetchers.h"
^
src/content/handlers/html/css_fetcher.c:49:44: style: struct member 'html_css_fetcher_item::r_prev' is never used. [unusedStructMember]
    struct html_css_fetcher_item *r_next, *r_prev;
                                           ^
src/content/handlers/html/css_fetcher.c:61:47: style: struct member 'html_css_fetcher_context::r_prev' is never used. [unusedStructMember]
    struct html_css_fetcher_context *r_next, *r_prev;
                                              ^
src/content/handlers/html/dom_event.c:35:0: information: Include file: "content/handlers/javascript/js.h" not found. [missingInclude]
#include "content/handlers/javascript/js.h"
^
src/content/handlers/html/dom_event.c:36:0: information: Include file: "content/fetchers.h" not found. [missingInclude]
#include "content/fetchers.h"
^
src/content/handlers/html/dom_event.c:43:0: information: Include file: "content/handlers/html/box_construct.h" not found. [missingInclude]
#include "content/handlers/html/box_construct.h"
^
src/content/handlers/html/dom_event.c:44:0: information: Include file: "content/handlers/html/css.h" not found. [missingInclude]
#include "content/handlers/html/css.h"
^
src/content/handlers/html/dom_event.c:45:0: information: Include file: "content/handlers/html/dom_event.h" not found. [missingInclude]
#include "content/handlers/html/dom_event.h"
^
src/content/handlers/html/dom_event.c:46:0: information: Include file: "content/handlers/html/object.h" not found. [missingInclude]
#include "content/handlers/html/object.h"
^
src/content/handlers/html/dom_event.c:673:19: style: The scope of the variable 'htmlc' can be reduced. [variableScope]
    html_content *htmlc = pw;
                  ^
src/content/handlers/html/font.c:29:0: information: Include file: "content/handlers/html/font.h" not found. [missingInclude]
#include "content/handlers/html/font.h"
^
src/content/handlers/html/font_face.c:40:0: information: Include file: "content/handlers/html/font_face.h" not found. [missingInclude]
#include "content/handlers/html/font_face.h"
^
src/content/handlers/html/font_face.c:447:50: style: Parameter 'c' can be declared as pointer to const [constParameterPointer]
nserror html_font_face_fini(struct html_content *c)
                                                 ^
src/content/handlers/html/form.c:50:0: information: Include file: "utils/arena.h" not found. [missingInclude]
#include "utils/arena.h"
^
src/content/handlers/html/form.c:51:0: information: Include file: "utils/talloc.h" not found. [missingInclude]
#include "utils/talloc.h"
^
src/content/handlers/html/form.c:52:0: information: Include file: "utils/url.h" not found. [missingInclude]
#include "utils/url.h"
^
src/content/handlers/html/form.c:53:0: information: Include file: "desktop/knockout.h" not found. [missingInclude]
#include "desktop/knockout.h"
^
src/content/handlers/html/form.c:54:0: information: Include file: "desktop/scrollbar.h" not found. [missingInclude]
#include "desktop/scrollbar.h"
^
src/content/handlers/html/form.c:61:0: information: Include file: "utils/hashmap.h" not found. [missingInclude]
#include "utils/hashmap.h"
^
src/content/handlers/html/form.c:62:0: information: Include file: "content/handlers/html/font.h" not found. [missingInclude]
#include "content/handlers/html/font.h"
^
src/content/handlers/html/form.c:63:0: information: Include file: "content/handlers/html/layout.h" not found. [missingInclude]
#include "content/handlers/html/layout.h"
^
src/content/handlers/html/form.c:1022:23: style: The scope of the variable 'len1' can be reduced. [variableScope]
    unsigned int len, len1, len_init;
                      ^
src/content/handlers/html/form.c:1378:9: style: The scope of the variable 'line_height_with_spacing' can be reduced. [variableScope]
    int line_height_with_spacing;
        ^
src/content/handlers/html/form.c:1381:9: style: The scope of the variable 'total_height' can be reduced. [variableScope]
    int total_height;
        ^
src/content/handlers/html/form.c:1460:9: style: The scope of the variable 'i' can be reduced. [variableScope]
    int i;
        ^
src/content/handlers/html/form.c:898:58: style: Parameter 'submit_control' can be declared as pointer to const [constParameterPointer]
form_dom_to_data(struct form *form, struct form_control *submit_control, struct fetch_multipart_data **fetch_data_out)
                                                         ^
src/content/handlers/html/form.c:1081:92: style: Parameter 'scrollbar_data' can be declared as pointer to const. However it seems that 'form_select_menu_scroll_callback' is a callback function, if 'scrollbar_data' is declared with const you might also need to cast function pointer(s). [constParameterCallback]
static void form_select_menu_scroll_callback(void *client_data, struct scrollbar_msg_data *scrollbar_data)
                                                                                           ^
src/content/handlers/html/form.c:1420:13: note: You might need to cast the function pointer here
            form_select_menu_scroll_callback, &(menu->scrollbar));
            ^
src/content/handlers/html/form.c:1081:92: note: Parameter 'scrollbar_data' can be declared as pointer to const
static void form_select_menu_scroll_callback(void *client_data, struct scrollbar_msg_data *scrollbar_data)
                                                                                           ^
src/content/handlers/html/form.c:1198:25: style: Variable 'option' can be declared as pointer to const [constVariablePointer]
    struct form_option *option;
                        ^
src/content/handlers/html/form.c:1589:30: style: Variable 'menu' can be declared as pointer to const [constVariablePointer]
    struct form_select_menu *menu = control->data.select.menu;
                             ^
src/content/handlers/html/form.c:1632:50: style: Parameter 'control' can be declared as pointer to const [constParameterPointer]
char *form_control_get_name(struct form_control *control)
                                                 ^
src/content/handlers/html/form.c:900:17: style: Variable 'res' is assigned a value that is never used. [unreadVariable]
    nserror res = NSERROR_OK;
                ^
src/content/handlers/html/form.c:1879:25: style: Variable 'err' is assigned a value that is never used. [unreadVariable]
                    err = dom_html_text_area_element_set_value((dom_html_text_area_element *)(control->node), str);
                        ^
src/content/handlers/html/form.c:1881:25: style: Variable 'err' is assigned a value that is never used. [unreadVariable]
                    err = dom_html_input_element_set_value((dom_html_input_element *)(control->node), str);
                        ^
src/content/handlers/html/forms.c:164:74: style: Parameter 'form' can be declared as pointer to const [constParameterPointer]
static struct form *find_form(struct form *forms, dom_html_form_element *form)
                                                                         ^
src/content/handlers/html/html.c:51:0: information: Include file: "utils/http.h" not found. [missingInclude]
#include "utils/http.h"
^
src/content/handlers/html/html.c:52:0: information: Include file: "utils/libdom.h" not found. [missingInclude]
#include "utils/libdom.h"
^
src/content/handlers/html/html.c:53:0: information: Include file: "utils/arena.h" not found. [missingInclude]
#include "utils/arena.h"
^
src/content/handlers/html/html.c:54:0: information: Include file: "utils/talloc.h" not found. [missingInclude]
#include "utils/talloc.h"
^
src/content/handlers/html/html.c:55:0: information: Include file: "content/content_factory.h" not found. [missingInclude]
#include "content/content_factory.h"
^
src/content/handlers/html/html.c:57:0: information: Include file: "content/handlers/javascript/js.h" not found. [missingInclude]
#include "content/handlers/javascript/js.h"
^
src/content/handlers/html/html.c:58:0: information: Include file: "content/textsearch.h" not found. [missingInclude]
#include "content/textsearch.h"
^
src/content/handlers/html/html.c:59:0: information: Include file: "desktop/scrollbar.h" not found. [missingInclude]
#include "desktop/scrollbar.h"
^
src/content/handlers/html/html.c:60:0: information: Include file: "desktop/selection.h" not found. [missingInclude]
#include "desktop/selection.h"
^
src/content/handlers/html/html.c:69:0: information: Include file: "content/handlers/html/box_construct.h" not found. [missingInclude]
#include "content/handlers/html/box_construct.h"
^
src/content/handlers/html/html.c:70:0: information: Include file: "content/handlers/html/css.h" not found. [missingInclude]
#include "content/handlers/html/css.h"
^
src/content/handlers/html/html.c:71:0: information: Include file: "content/handlers/html/dom_event.h" not found. [missingInclude]
#include "content/handlers/html/dom_event.h"
^
src/content/handlers/html/html.c:72:0: information: Include file: "content/handlers/html/font_face.h" not found. [missingInclude]
#include "content/handlers/html/font_face.h"
^
src/content/handlers/html/html.c:73:0: information: Include file: "content/handlers/html/html_svg.h" not found. [missingInclude]
#include "content/handlers/html/html_svg.h"
^
src/content/handlers/html/html.c:74:0: information: Include file: "content/handlers/html/imagemap.h" not found. [missingInclude]
#include "content/handlers/html/imagemap.h"
^
src/content/handlers/html/html.c:75:0: information: Include file: "content/handlers/html/layout.h" not found. [missingInclude]
#include "content/handlers/html/layout.h"
^
src/content/handlers/html/html.c:76:0: information: Include file: "content/handlers/html/object.h" not found. [missingInclude]
#include "content/handlers/html/object.h"
^
src/content/handlers/html/html.c:77:0: information: Include file: "content/handlers/html/textselection.h" not found. [missingInclude]
#include "content/handlers/html/textselection.h"
^
src/content/handlers/html/html.c:1464:6: style: The scope of the variable 'i' can be reduced. [variableScope]
 int i;
     ^
src/content/handlers/html/html.c:2347:14: style: The scope of the variable 'enc_token' can be reduced. [variableScope]
 static char enc_token[10] = "Encoding0";
             ^
src/content/handlers/html/html.c:545:55: style: Parameter 'data' can be declared as pointer to const. However it seems that 'html_document_user_data_handler' is a callback function, if 'data' is declared with const you might also need to cast function pointer(s). [constParameterCallback]
 dom_node_operation operation, dom_string *key, void *data, struct dom_node *src, struct dom_node *dst)
                                                      ^
src/content/handlers/html/html.c:723:3: note: You might need to cast the function pointer here
  html_document_user_data_handler, (void *)&old_node_data);
  ^
src/content/handlers/html/html.c:545:55: note: Parameter 'data' can be declared as pointer to const
 dom_node_operation operation, dom_string *key, void *data, struct dom_node *src, struct dom_node *dst)
                                                      ^
src/content/handlers/html/html.c:1044:46: style: Parameter 'htmlc' can be declared as pointer to const [constParameterPointer]
bool html_can_begin_conversion(html_content *htmlc)
                                             ^
src/content/handlers/html/html.c:2312:16: style: Variable 'c' can be declared as pointer to const [constVariablePointer]
 html_content *c = (html_content *)hlcache_handle_get_content(h);
               ^
src/content/handlers/html/html.c:2330:16: style: Variable 'c' can be declared as pointer to const [constVariablePointer]
 html_content *c = (html_content *)hlcache_handle_get_content(h);
               ^
src/content/handlers/html/html.c:2346:16: style: Variable 'html' can be declared as pointer to const [constVariablePointer]
 html_content *html = (html_content *)c;
               ^
src/content/handlers/html/html.c:2368:16: style: Variable 'c' can be declared as pointer to const [constVariablePointer]
 html_content *c = (html_content *)hlcache_handle_get_content(h);
               ^
src/content/handlers/html/html.c:2383:16: style: Variable 'c' can be declared as pointer to const [constVariablePointer]
 html_content *c = (html_content *)hlcache_handle_get_content(h);
               ^
src/content/handlers/html/html.c:2398:16: style: Variable 'c' can be declared as pointer to const [constVariablePointer]
 html_content *c = (html_content *)hlcache_handle_get_content(h);
               ^
src/content/handlers/html/html.c:2413:16: style: Variable 'c' can be declared as pointer to const [constVariablePointer]
 html_content *c = (html_content *)hlcache_handle_get_content(h);
               ^
src/content/handlers/html/html_svg.c:35:0: information: Include file: "content/handlers/html/html_svg.h" not found. [missingInclude]
#include "content/handlers/html/html_svg.h"
^
src/content/handlers/html/html_svg.c:226:22: style: The scope of the variable 'symbol' can be reduced. [variableScope]
        dom_element *symbol;
                     ^
src/content/handlers/html/html_svg.c:161:56: style: Parameter 'c' can be declared as pointer to const [constParameterPointer]
nserror html_resolve_svg_use_refs(struct html_content *c, dom_document *doc)
                                                       ^
src/content/handlers/html/html_svg.c:997:17: style: Variable 'err' is assigned a value that is never used. [unreadVariable]
    nserror err = NSERROR_OK;
                ^
src/content/handlers/html/imagemap.c:41:0: information: Include file: "content/handlers/html/box_construct.h" not found. [missingInclude]
#include "content/handlers/html/box_construct.h"
^
src/content/handlers/html/imagemap.c:42:0: information: Include file: "content/handlers/html/imagemap.h" not found. [missingInclude]
#include "content/handlers/html/imagemap.h"
^
src/content/handlers/html/imagemap.c:370:21: portability: Non reentrant function 'strtok' called. For threadsafe applications it is recommended to use the reentrant replacement function 'strtok_r'. [strtokCalled]
        char *val = strtok((char *)dom_string_data(coords), ",");
                    ^
src/content/handlers/html/imagemap.c:395:23: portability: Non reentrant function 'strtok' called. For threadsafe applications it is recommended to use the reentrant replacement function 'strtok_r'. [strtokCalled]
                val = strtok(NULL, ",");
                      ^
src/content/handlers/html/imagemap.c:416:23: portability: Non reentrant function 'strtok' called. For threadsafe applications it is recommended to use the reentrant replacement function 'strtok_r'. [strtokCalled]
                val = strtok(NULL, ",");
                      ^
src/content/handlers/html/imagemap.c:440:27: portability: Non reentrant function 'strtok' called. For threadsafe applications it is recommended to use the reentrant replacement function 'strtok_r'. [strtokCalled]
                    val = strtok(NULL, ",");
                          ^
src/content/handlers/html/imagemap.c:450:27: portability: Non reentrant function 'strtok' called. For threadsafe applications it is recommended to use the reentrant replacement function 'strtok_r'. [strtokCalled]
                    val = strtok(NULL, ",");
                          ^
src/content/handlers/html/imagemap.c:167:30: style: The scope of the variable 'prev' can be reduced. [variableScope]
    struct mapentry *entry, *prev;
                             ^
src/content/handlers/html/imagemap.c:377:21: style: Local variable 'temp' shadows outer variable [shadowVariable]
                int temp;
                    ^
src/content/handlers/html/imagemap.c:290:32: note: Shadowed declaration
    struct mapentry *new_map, *temp;
                               ^
src/content/handlers/html/imagemap.c:377:21: note: Shadow variable
                int temp;
                    ^
src/content/handlers/html/imagemap.c:401:21: style: Local variable 'temp' shadows outer variable [shadowVariable]
                int temp;
                    ^
src/content/handlers/html/imagemap.c:290:32: note: Shadowed declaration
    struct mapentry *new_map, *temp;
                               ^
src/content/handlers/html/imagemap.c:401:21: note: Shadow variable
                int temp;
                    ^
src/content/handlers/html/imagemap.c:671:21: style: Parameter 'xpt' can be declared as pointer to const [constParameterPointer]
    int num, float *xpt, float *ypt, unsigned long x, unsigned long y, unsigned long click_x, unsigned long click_y)
                    ^
src/content/handlers/html/imagemap.c:671:33: style: Parameter 'ypt' can be declared as pointer to const [constParameterPointer]
    int num, float *xpt, float *ypt, unsigned long x, unsigned long y, unsigned long click_x, unsigned long click_y)
                                ^
src/content/handlers/html/imagemap.c:700:42: style: Parameter 'c' can be declared as pointer to const [constParameterPointer]
nsurl *imagemap_get(struct html_content *c, const char *key, unsigned long x, unsigned long y, unsigned long click_x,
                                         ^
src/content/handlers/html/imagemap.c:368:16: style: Unused variable: xcoords [unusedVariable]
        float *xcoords, *ycoords;
               ^
src/content/handlers/html/imagemap.c:368:26: style: Unused variable: ycoords [unusedVariable]
        float *xcoords, *ycoords;
                         ^
src/content/handlers/html/interaction.c:47:0: information: Include file: "content/handlers/javascript/js.h" not found. [missingInclude]
#include "content/handlers/javascript/js.h"
^
src/content/handlers/html/interaction.c:48:0: information: Include file: "content/textsearch.h" not found. [missingInclude]
#include "content/textsearch.h"
^
src/content/handlers/html/interaction.c:49:0: information: Include file: "desktop/browser_history.h" not found. [missingInclude]
#include "desktop/browser_history.h"
^
src/content/handlers/html/interaction.c:50:0: information: Include file: "desktop/frames.h" not found. [missingInclude]
#include "desktop/frames.h"
^
src/content/handlers/html/interaction.c:51:0: information: Include file: "desktop/scrollbar.h" not found. [missingInclude]
#include "desktop/scrollbar.h"
^
src/content/handlers/html/interaction.c:52:0: information: Include file: "desktop/selection.h" not found. [missingInclude]
#include "desktop/selection.h"
^
src/content/handlers/html/interaction.c:59:0: information: Include file: "content/handlers/html/box_textarea.h" not found. [missingInclude]
#include "content/handlers/html/box_textarea.h"
^
src/content/handlers/html/interaction.c:60:0: information: Include file: "content/handlers/html/font.h" not found. [missingInclude]
#include "content/handlers/html/font.h"
^
src/content/handlers/html/interaction.c:61:0: information: Include file: "content/handlers/html/imagemap.h" not found. [missingInclude]
#include "content/handlers/html/imagemap.h"
^
src/content/handlers/html/interaction.c:62:0: information: Include file: "content/handlers/html/layout.h" not found. [missingInclude]
#include "content/handlers/html/layout.h"
^
src/content/handlers/html/interaction.c:1552:17: style: The scope of the variable 'box' can be reduced. [variableScope]
    struct box *box;
                ^
src/content/handlers/html/interaction.c:1412:82: style: Parameter 'scrollbar_data' can be declared as pointer to const [constParameterPointer]
void html_overflow_scroll_callback(void *client_data, struct scrollbar_msg_data *scrollbar_data)
                                                                                 ^
src/content/handlers/html/interaction.c:1092:24: style: Variable 'sel_owner.none' is assigned a value that is never used. [unreadVariable]
        sel_owner.none = true;
                       ^
src/content/handlers/html/layout.c:60:0: information: Include file: "utils/arena.h" not found. [missingInclude]
#include "utils/arena.h"
^
src/content/handlers/html/layout.c:61:0: information: Include file: "utils/talloc.h" not found. [missingInclude]
#include "utils/talloc.h"
^
src/content/handlers/html/layout.c:62:0: information: Include file: "desktop/scrollbar.h" not found. [missingInclude]
#include "desktop/scrollbar.h"
^
src/content/handlers/html/layout.c:71:0: information: Include file: "content/handlers/html/font.h" not found. [missingInclude]
#include "content/handlers/html/font.h"
^
src/content/handlers/html/layout.c:72:0: information: Include file: "content/handlers/html/layout.h" not found. [missingInclude]
#include "content/handlers/html/layout.h"
^
src/content/handlers/html/layout.c:73:0: information: Include file: "content/handlers/html/layout_grid.h" not found. [missingInclude]
#include "content/handlers/html/layout_grid.h"
^
src/content/handlers/html/layout.c:74:0: information: Include file: "content/handlers/html/layout_internal.h" not found. [missingInclude]
#include "content/handlers/html/layout_internal.h"
^
src/content/handlers/html/layout.c:75:0: information: Include file: "content/handlers/html/table.h" not found. [missingInclude]
#include "content/handlers/html/table.h"
^
src/content/handlers/html/layout.c:76:0: information: Include file: "content/handlers/javascript/js.h" not found. [missingInclude]
#include "content/handlers/javascript/js.h"
^
src/content/handlers/html/layout.c:77:0: information: Include file: "desktop/browser_private.h" not found. [missingInclude]
#include "desktop/browser_private.h"
^
src/content/handlers/html/layout.c:1485:38: style: Condition '-(unsigned int)box->margin[TOP]>*max_neg_margin' is always false [knownConditionTrueFalse]
     -(unsigned int)box->margin[TOP] > *max_neg_margin) {
                                     ^
src/content/handlers/html/layout.c:1578:41: style: Condition '-(unsigned int)box->margin[BOTTOM]>*max_neg_margin' is always false [knownConditionTrueFalse]
     -(unsigned int)box->margin[BOTTOM] > *max_neg_margin)
                                        ^
src/content/handlers/html/layout.c:2514:10: style: Condition 'box->style' is always true [knownConditionTrueFalse]
  if (box->style && css_computed_position(box->style) == CSS_POSITION_ABSOLUTE && containing_block) {
         ^
src/content/handlers/html/layout.c:4315:13: style: Variable 'in_margin' is reassigned a value before the old one has been used. [redundantAssignment]
  in_margin = true;
            ^
src/content/handlers/html/layout.c:4248:16: note: in_margin is assigned
     in_margin = false;
               ^
src/content/handlers/html/layout.c:4315:13: note: in_margin is overwritten
  in_margin = true;
            ^
src/content/handlers/html/layout.c:4315:13: style: Variable 'in_margin' is reassigned a value before the old one has been used. [redundantAssignment]
  in_margin = true;
            ^
src/content/handlers/html/layout.c:4283:15: note: in_margin is assigned
    in_margin = false;
              ^
src/content/handlers/html/layout.c:4315:13: note: in_margin is overwritten
  in_margin = true;
            ^
src/content/handlers/html/layout.c:1633:6: style: The scope of the variable 'fy0' can be reduced. [variableScope]
 int fy0, fy1, fx0, fx1;
     ^
src/content/handlers/html/layout.c:1633:11: style: The scope of the variable 'fy1' can be reduced. [variableScope]
 int fy0, fy1, fx0, fx1;
          ^
src/content/handlers/html/layout.c:1203:7: style: Local variable 'width' shadows outer variable [shadowVariable]
  int width;
      ^
src/content/handlers/html/layout.c:933:12: note: Shadowed declaration
 css_fixed width = 0;
           ^
src/content/handlers/html/layout.c:1203:7: note: Shadow variable
  int width;
      ^
src/content/handlers/html/layout.c:1205:20: style: Local variable 'wtype' shadows outer variable [shadowVariable]
  enum css_width_e wtype;
                   ^
src/content/handlers/html/layout.c:932:19: note: Shadowed declaration
 enum css_width_e wtype = CSS_WIDTH_AUTO;
                  ^
src/content/handlers/html/layout.c:1205:20: note: Shadow variable
  enum css_width_e wtype;
                   ^
src/content/handlers/html/layout.c:1399:19: style: Variable 'c' can be declared as pointer to const [constVariablePointer]
 for (struct box *c = box->children; c != NULL; c = c->next) {
                  ^
src/content/handlers/html/layout.c:1417:19: style: Variable 'c' can be declared as pointer to const [constVariablePointer]
 for (struct box *c = box->children; c != NULL; c = c->next) {
                  ^
src/content/handlers/html/layout.c:1441:20: style: Variable 'c' can be declared as pointer to const [constVariablePointer]
  for (struct box *c = box->children; c != NULL; c = c->next) {
                   ^
src/content/handlers/html/layout.c:5221:38: style: Parameter 'box' can be declared as pointer to const [constParameterPointer]
layout_position_absolute(struct box *box, struct box *containing_block, int cx, int cy, html_content *content)
                                     ^
src/content/handlers/html/layout.c:5286:17: style: Variable 'p' can be declared as pointer to const [constVariablePointer]
    struct box *p;
                ^
src/content/handlers/html/layout.c:5648:15: style: Variable 'p' can be declared as pointer to const [constVariablePointer]
  struct box *p = box->parent;
              ^
src/content/handlers/html/layout.c:400:19: style: Variable 'fixed_width' is assigned a value that is never used. [unreadVariable]
      fixed_width += col[i + j].width;
                  ^
src/content/handlers/html/layout.c:2765:18: style: Variable 'size' is assigned a value that is never used. [unreadVariable]
  css_fixed size = 0;
                 ^
src/content/handlers/html/layout.c:5650:16: style: Variable 'box_type' is assigned a value that is never used. [unreadVariable]
  int box_type = box->parent ? box->parent->type : -1;
               ^
src/content/handlers/html/layout_flex.c:44:0: information: Include file: "content/handlers/html/layout_internal.h" not found. [missingInclude]
#include "content/handlers/html/layout_internal.h"
^
src/content/handlers/html/layout_flex.c:1588:7: style: The scope of the variable 'extra_post' can be reduced. [variableScope]
  int extra_post = 0;
      ^
src/content/handlers/html/layout_flex.c:308:14: style: Variable 'prev_child' can be declared as pointer to const [constVariablePointer]
 struct box *prev_child = NULL;
             ^
src/content/handlers/html/layout_flex.c:626:17: style: Variable 'b' can be declared as pointer to const [constVariablePointer]
    struct box *b = item->box;
                ^
src/content/handlers/html/layout_flex.c:1219:97: style: Parameter 'line' can be declared as pointer to const [constParameterPointer]
static inline int layout_flex__remaining_free_main(struct flex_ctx *ctx, struct flex_line_data *line,
                                                                                                ^
src/content/handlers/html/layout_flex.c:1259:100: style: Parameter 'line' can be declared as pointer to const [constParameterPointer]
static inline int layout_flex__get_min_max_violations(struct flex_ctx *ctx, struct flex_line_data *line)
                                                                                                   ^
src/content/handlers/html/layout_flex.c:1775:50: style: Parameter 'b' can be declared as pointer to const [constParameterPointer]
static int layout_flex__get_baseline(struct box *b)
                                                 ^
src/content/handlers/html/layout_flex.c:51:14: style: union member 'css_fixed_or_calc::calc' is never used. [unusedStructMember]
 lwc_string *calc;
             ^
src/content/handlers/html/layout_flex.c:308:14: style: Variable 'prev_child' is assigned a value that is never used. [unreadVariable]
 struct box *prev_child = NULL;
             ^
src/content/handlers/html/layout_flex.c:894:22: style: Variable 'content_min_width' is assigned a value that is never used. [unreadVariable]
   content_min_width = specified_main;
                     ^
src/content/handlers/html/layout_grid.c:56:0: information: Include file: "content/handlers/html/layout_grid.h" not found. [missingInclude]
#include "content/handlers/html/layout_grid.h"
^
src/content/handlers/html/layout_grid.c:57:0: information: Include file: "content/handlers/html/layout_internal.h" not found. [missingInclude]
#include "content/handlers/html/layout_internal.h"
^
src/content/handlers/html/layout_grid.c:772:1: information: Limiting ValueFlow analysis in function 'layout_grid' since it is too complex. Please specify --check-level=exhaustive to perform full analysis. [checkLevelNormal]
{
^
src/content/handlers/html/layout_grid.c:973:14: style: Variable 'item_col' is reassigned a value before the old one has been used. [redundantAssignment]
    item_col = col_start;
             ^
src/content/handlers/html/layout_grid.c:967:13: note: item_col is assigned
   item_col = -1;
            ^
src/content/handlers/html/layout_grid.c:973:14: note: item_col is overwritten
    item_col = col_start;
             ^
src/content/handlers/html/layout_grid.c:974:14: style: Variable 'item_row' is reassigned a value before the old one has been used. [redundantAssignment]
    item_row = row_start;
             ^
src/content/handlers/html/layout_grid.c:968:13: note: item_row is assigned
   item_row = -1;
            ^
src/content/handlers/html/layout_grid.c:974:14: note: item_row is overwritten
    item_row = row_start;
             ^
src/content/handlers/html/layout_grid.c:415:10: style: The scope of the variable 'grid_template_type' can be reduced. [variableScope]
 uint8_t grid_template_type;
         ^
src/content/handlers/html/layout_grid.c:1392:16: style: Local variable 'child' shadows outer variable [shadowVariable]
   struct box *child = cached->box;
               ^
src/content/handlers/html/layout_grid.c:777:14: note: Shadowed declaration
 struct box *child;
             ^
src/content/handlers/html/layout_grid.c:1392:16: note: Shadow variable
   struct box *child = cached->box;
               ^
src/content/handlers/html/layout_grid.c:92:34: style: Parameter 'occupied' can be declared as pointer to const [constParameterPointer]
static bool grid_item_fits(bool *occupied, int occupied_rows, int occupied_cols, int row, int col, int row_span, int col_span)
                                 ^
src/content/handlers/html/layout_grid.c:758:31: style: Variable 't' can be declared as pointer to const [constVariablePointer]
     css_computed_grid_track *t = &tracks[i % n_tracks];
                              ^
src/content/handlers/html/layout_grid.c:1046:21: style: Variable 'old_max_col' is assigned a value that is never used. [unreadVariable]
    int old_max_col = max_col;
                    ^
src/content/handlers/html/layout_grid.c:780:6: style: Unused variable: x [unusedVariable]
 int x, y;
     ^
src/content/handlers/html/layout_grid.c:780:9: style: Unused variable: y [unusedVariable]
 int x, y;
        ^
src/content/handlers/html/layout_grid.c:781:6: style: Variable 'col_idx' is assigned a value that is never used. [unreadVariable]
 int col_idx = 0;
     ^
src/content/handlers/html/layout_grid.c:782:6: style: Variable 'row_idx' is assigned a value that is never used. [unreadVariable]
 int row_idx = 0;
     ^
src/content/handlers/html/object.c:42:0: information: Include file: "desktop/scrollbar.h" not found. [missingInclude]
#include "desktop/scrollbar.h"
^
src/content/handlers/html/object.c:49:0: information: Include file: "content/handlers/html/object.h" not found. [missingInclude]
#include "content/handlers/html/object.h"
^
src/content/handlers/html/object.c:50:0: information: Include file: "content/handlers/html/box_manipulate.h" not found. [missingInclude]
#include "content/handlers/html/box_manipulate.h"
^
src/content/handlers/html/object.c:67:19: style: Variable 'c' can be declared as pointer to const [constVariablePointer]
    html_content *c = (html_content *)hlcache_handle_get_content(h);
                  ^
src/content/handlers/html/object.c:759:49: style: Parameter 'html' can be declared as pointer to const [constParameterPointer]
nserror html_object_close_objects(html_content *html)
                                                ^
src/content/handlers/html/object.c:595:22: style: The scope of the variable 'delay' can be reduced. [variableScope]
            uint64_t delay = 0;
                     ^
src/content/handlers/html/object.c:595:28: style: Variable 'delay' is assigned a value that is never used. [unreadVariable]
            uint64_t delay = 0;
                           ^
src/content/handlers/html/object.c:597:23: style: Variable 'delay' is assigned a value that is never used. [unreadVariable]
                delay = c->base.reformat_time - ms_now;
                      ^
src/content/handlers/html/redraw.c:58:0: information: Include file: "content/textsearch.h" not found. [missingInclude]
#include "content/textsearch.h"
^
src/content/handlers/html/redraw.c:59:0: information: Include file: "desktop/browser_private.h" not found. [missingInclude]
#include "desktop/browser_private.h"
^
src/content/handlers/html/redraw.c:60:0: information: Include file: "desktop/scrollbar.h" not found. [missingInclude]
#include "desktop/scrollbar.h"
^
src/content/handlers/html/redraw.c:61:0: information: Include file: "desktop/selection.h" not found. [missingInclude]
#include "desktop/selection.h"
^
src/content/handlers/html/redraw.c:68:0: information: Include file: "content/handlers/html/box_manipulate.h" not found. [missingInclude]
#include "content/handlers/html/box_manipulate.h"
^
src/content/handlers/html/redraw.c:69:0: information: Include file: "content/handlers/html/font.h" not found. [missingInclude]
#include "content/handlers/html/font.h"
^
src/content/handlers/html/redraw.c:70:0: information: Include file: "content/handlers/html/layout.h" not found. [missingInclude]
#include "content/handlers/html/layout.h"
^
src/content/handlers/html/redraw.c:71:0: information: Include file: "content/handlers/html/redraw_helpers.h" not found. [missingInclude]
#include "content/handlers/html/redraw_helpers.h"
^
src/content/handlers/html/redraw.c:72:0: information: Include file: "content/handlers/html/stacking.h" not found. [missingInclude]
#include "content/handlers/html/stacking.h"
^
src/content/handlers/html/redraw.c:73:0: information: Include file: "content/handlers/image/svg.h" not found. [missingInclude]
#include "content/handlers/image/svg.h"
^
src/content/handlers/html/redraw.c:1832:1: information: Limiting ValueFlow analysis in function 'html_redraw_box' since it is too complex. Please specify --check-level=exhaustive to perform full analysis. [checkLevelNormal]
{
^
src/content/handlers/html/redraw.c:2331:58: style: Redundant condition: box->parent!=NULL. 'A || (!A && B)' is equivalent to 'A || B' [redundantCondition]
            bool is_root_or_body = (box->parent == NULL) || (box->parent != NULL && box->parent->parent == NULL);
                                                         ^
src/content/handlers/html/redraw.c:990:19: style: The scope of the variable 'transform' can be reduced. [variableScope]
            float transform[6] = {scale_x, 0.0f, 0.0f, scale_y, cx, cy};
                  ^
src/content/handlers/html/redraw.c:1623:12: style: The scope of the variable 'i' can be reduced. [variableScope]
    size_t i;
           ^
src/content/handlers/html/redraw.c:1986:21: style: The scope of the variable 'tag' can be reduced. [variableScope]
        const char *tag = "";
                    ^
src/content/handlers/html/redraw.c:1987:21: style: The scope of the variable 'cls' can be reduced. [variableScope]
        const char *cls = "";
                    ^
src/content/handlers/html/redraw.c:2930:25: style: The scope of the variable 'tag' can be reduced. [variableScope]
            const char *tag = "";
                        ^
src/content/handlers/html/redraw.c:2931:25: style: The scope of the variable 'cls' can be reduced. [variableScope]
            const char *cls = "";
                        ^
src/content/handlers/html/redraw.c:2250:23: style: Local variable 'result' shadows outer variable [shadowVariable]
        clip_result_t result = html_clip_intersect_box(&r, clip, has_transform);
                      ^
src/content/handlers/html/redraw.c:1855:10: note: Shadowed declaration
    bool result = true; /* Track success/failure for cleanup */
         ^
src/content/handlers/html/redraw.c:2250:23: note: Shadow variable
        clip_result_t result = html_clip_intersect_box(&r, clip, has_transform);
                      ^
src/content/handlers/html/redraw.c:1447:17: style: Variable 'c' can be declared as pointer to const [constVariablePointer]
    struct box *c;
                ^
src/content/handlers/html/redraw.c:1445:17: style: Parameter 'box' can be declared as pointer to const [constParameterPointer]
    struct box *box, int x, int y, float scale, colour colour, float ratio, const struct redraw_context *ctx)
                ^
src/content/handlers/html/redraw.c:1486:17: style: Parameter 'box' can be declared as pointer to const [constParameterPointer]
    struct box *box, int x, int y, float scale, colour colour, float ratio, const struct redraw_context *ctx)
                ^
src/content/handlers/html/redraw.c:1986:25: style: Variable 'tag' is assigned a value that is never used. [unreadVariable]
        const char *tag = "";
                        ^
src/content/handlers/html/redraw.c:1987:25: style: Variable 'cls' is assigned a value that is never used. [unreadVariable]
        const char *cls = "";
                        ^
src/content/handlers/html/redraw.c:1992:21: style: Variable 'tag' is assigned a value that is never used. [unreadVariable]
                tag = dom_string_data(name);
                    ^
src/content/handlers/html/redraw.c:1996:21: style: Variable 'cls' is assigned a value that is never used. [unreadVariable]
                cls = dom_string_data(class_attr);
                    ^
src/content/handlers/html/redraw.c:2930:29: style: Variable 'tag' is assigned a value that is never used. [unreadVariable]
            const char *tag = "";
                            ^
src/content/handlers/html/redraw.c:2931:29: style: Variable 'cls' is assigned a value that is never used. [unreadVariable]
            const char *cls = "";
                            ^
src/content/handlers/html/redraw.c:2936:25: style: Variable 'tag' is assigned a value that is never used. [unreadVariable]
                    tag = dom_string_data(name);
                        ^
src/content/handlers/html/redraw.c:2940:25: style: Variable 'cls' is assigned a value that is never used. [unreadVariable]
                    cls = dom_string_data(class_attr);
                        ^
src/content/handlers/html/redraw.c:2313:17: style: Variable 'pos_enum' is assigned a value that is never used. [unreadVariable]
        uint8_t pos_enum = (box->style != NULL) ? css_computed_position(box->style) : CSS_POSITION_STATIC;
                ^
src/content/handlers/html/redraw_border.c:30:0: information: Include file: "wisp/css.h" not found. [missingInclude]
#include "wisp/css.h"
^
src/content/handlers/html/redraw_border.c:31:0: information: Include file: "wisp/plotters.h" not found. [missingInclude]
#include "wisp/plotters.h"
^
src/content/handlers/html/redraw_border.c:405:21: style: The scope of the variable 'side' can be reduced. [variableScope]
    unsigned int i, side;
                    ^
src/content/handlers/html/redraw_border.c:400:18: style: Variable 'sides' can be declared as const array [constVariable]
    unsigned int sides[] = {LEFT, RIGHT, TOP, BOTTOM};
                 ^
src/content/handlers/html/redraw_helpers.c:27:0: information: Include file: "content/handlers/html/redraw_helpers.h" not found. [missingInclude]
#include "content/handlers/html/redraw_helpers.h"
^
src/content/handlers/html/script.c:42:0: information: Include file: "content/content_factory.h" not found. [missingInclude]
#include "content/content_factory.h"
^
src/content/handlers/html/script.c:43:0: information: Include file: "content/handlers/javascript/js.h" not found. [missingInclude]
#include "content/handlers/javascript/js.h"
^
src/content/handlers/html/script.c:697:46: style: Parameter 'htmlc' can be declared as pointer to const [constParameterPointer]
bool html_saw_insecure_scripts(html_content *htmlc)
                                             ^
src/content/handlers/html/stacking.c:30:0: information: Include file: "content/handlers/html/stacking.h" not found. [missingInclude]
#include "content/handlers/html/stacking.h"
^
src/content/handlers/html/table.c:30:0: information: Include file: "utils/talloc.h" not found. [missingInclude]
#include "utils/talloc.h"
^
src/content/handlers/html/table.c:33:0: information: Include file: "content/handlers/html/table.h" not found. [missingInclude]
#include "content/handlers/html/table.h"
^
src/content/handlers/html/table.c:689:21: style: Local variable 'row' shadows outer variable [shadowVariable]
        struct box *row = cell->parent;
                    ^
src/content/handlers/html/table.c:666:17: note: Shadowed declaration
    struct box *row = cell->parent;
                ^
src/content/handlers/html/table.c:689:21: note: Shadow variable
        struct box *row = cell->parent;
                    ^
src/content/handlers/html/table.c:224:51: style: Parameter 'cell' can be declared as pointer to const [constParameterPointer]
    const css_unit_ctx *unit_len_ctx, struct box *cell, struct box *row, struct border *a, box_type *a_src)
                                                  ^
src/content/handlers/html/table.c:393:25: style: Variable 'row' can be declared as pointer to const [constVariablePointer]
            struct box *row;
                        ^
src/content/handlers/html/table.c:666:17: style: Variable 'row' can be declared as pointer to const [constVariablePointer]
    struct box *row = cell->parent;
                ^
src/content/handlers/html/table.c:420:19: style: Variable 'a_src' is assigned a value that is never used. [unreadVariable]
            a_src = b_src;
                  ^
src/content/handlers/html/table.c:471:19: style: Variable 'a_src' is assigned a value that is never used. [unreadVariable]
            a_src = b_src;
                  ^
src/content/handlers/html/table.c:645:19: style: Variable 'a_src' is assigned a value that is never used. [unreadVariable]
            a_src = b_src;
                  ^
src/content/handlers/html/textselection.c:31:0: information: Include file: "desktop/selection.h" not found. [missingInclude]
#include "desktop/selection.h"
^
src/content/handlers/html/textselection.c:36:0: information: Include file: "content/handlers/html/font.h" not found. [missingInclude]
#include "content/handlers/html/font.h"
^
src/content/handlers/html/textselection.c:37:0: information: Include file: "content/handlers/html/textselection.h" not found. [missingInclude]
#include "content/handlers/html/textselection.h"
^
src/content/handlers/html/textselection.c:198:25: style: Local variable 'next' shadows outer variable [shadowVariable]
            struct box *next = child->next;
                        ^
src/content/handlers/html/textselection.c:188:21: note: Shadowed declaration
        struct box *next = child->next;
                    ^
src/content/handlers/html/textselection.c:198:25: note: Shadow variable
            struct box *next = child->next;
                        ^
src/content/handlers/html/textselection.c:353:25: style: Local variable 'next' shadows outer variable [shadowVariable]
            struct box *next = child->next;
                        ^
src/content/handlers/html/textselection.c:343:21: note: Shadowed declaration
        struct box *next = child->next;
                    ^
src/content/handlers/html/textselection.c:353:25: note: Shadow variable
            struct box *next = child->next;
                        ^
src/content/handlers/html/textselection.c:60:27: style: Parameter 'box' can be declared as pointer to const [constParameterPointer]
selected_part(struct box *box, unsigned start_idx, unsigned end_idx, unsigned *start_offset, unsigned *end_offset)
                          ^
src/content/handlers/image/avif.c:41:0: information: Include file: "content/content_factory.h" not found. [missingInclude]
#include "content/content_factory.h"
^
src/content/handlers/image/avif.c:42:0: information: Include file: "desktop/bitmap.h" not found. [missingInclude]
#include "desktop/bitmap.h"
^
src/content/handlers/image/avif.c:44:0: information: Include file: "content/handlers/image/image_cache.h" not found. [missingInclude]
#include "content/handlers/image/image_cache.h"
^
src/content/handlers/image/bmp.c:37:0: information: Include file: "content/content_factory.h" not found. [missingInclude]
#include "content/content_factory.h"
^
src/content/handlers/image/bmp.c:38:0: information: Include file: "desktop/bitmap.h" not found. [missingInclude]
#include "desktop/bitmap.h"
^
src/content/handlers/image/bmp.c:40:0: information: Include file: "content/handlers/image/bmp.h" not found. [missingInclude]
#include "content/handlers/image/bmp.h"
^
src/content/handlers/image/bmp.c:245:20: style: Variable 'bmp' can be declared as pointer to const [constVariablePointer]
    nsbmp_content *bmp = (nsbmp_content *)c;
                   ^
src/content/handlers/image/gif.c:53:0: information: Include file: "content/content_factory.h" not found. [missingInclude]
#include "content/content_factory.h"
^
src/content/handlers/image/gif.c:54:0: information: Include file: "desktop/bitmap.h" not found. [missingInclude]
#include "desktop/bitmap.h"
^
src/content/handlers/image/gif.c:56:0: information: Include file: "content/handlers/image/gif.h" not found. [missingInclude]
#include "content/handlers/image/gif.h"
^
src/content/handlers/image/gif.c:57:0: information: Include file: "content/handlers/image/image.h" not found. [missingInclude]
#include "content/handlers/image/image.h"
^
src/content/handlers/image/ico.c:36:0: information: Include file: "content/content_factory.h" not found. [missingInclude]
#include "content/content_factory.h"
^
src/content/handlers/image/ico.c:37:0: information: Include file: "desktop/bitmap.h" not found. [missingInclude]
#include "desktop/bitmap.h"
^
src/content/handlers/image/ico.c:39:0: information: Include file: "content/handlers/image/ico.h" not found. [missingInclude]
#include "content/handlers/image/ico.h"
^
src/content/handlers/image/ico.c:40:0: information: Include file: "content/handlers/image/image.h" not found. [missingInclude]
#include "content/handlers/image/image.h"
^
src/content/handlers/image/ico.c:117:23: style: Variable 'bmp' can be declared as pointer to const [constVariablePointer]
    struct bmp_image *bmp;
                      ^
src/content/handlers/image/image.c:29:0: information: Include file: "desktop/bitmap.h" not found. [missingInclude]
#include "desktop/bitmap.h"
^
src/content/handlers/image/image.c:31:0: information: Include file: "content/handlers/image/bmp.h" not found. [missingInclude]
#include "content/handlers/image/bmp.h"
^
src/content/handlers/image/image.c:32:0: information: Include file: "content/handlers/image/gif.h" not found. [missingInclude]
#include "content/handlers/image/gif.h"
^
src/content/handlers/image/image.c:33:0: information: Include file: "content/handlers/image/ico.h" not found. [missingInclude]
#include "content/handlers/image/ico.h"
^
src/content/handlers/image/image.c:34:0: information: Include file: "content/handlers/image/image.h" not found. [missingInclude]
#include "content/handlers/image/image.h"
^
src/content/handlers/image/image.c:35:0: information: Include file: "content/handlers/image/jpeg.h" not found. [missingInclude]
#include "content/handlers/image/jpeg.h"
^
src/content/handlers/image/image.c:36:0: information: Include file: "content/handlers/image/jpegxl.h" not found. [missingInclude]
#include "content/handlers/image/jpegxl.h"
^
src/content/handlers/image/image.c:37:0: information: Include file: "content/handlers/image/nssprite.h" not found. [missingInclude]
#include "content/handlers/image/nssprite.h"
^
src/content/handlers/image/image.c:38:0: information: Include file: "content/handlers/image/png.h" not found. [missingInclude]
#include "content/handlers/image/png.h"
^
src/content/handlers/image/image.c:40:0: information: Include file: "content/handlers/image/avif.h" not found. [missingInclude]
#include "content/handlers/image/avif.h"
^
src/content/handlers/image/image.c:41:0: information: Include file: "content/handlers/image/svg.h" not found. [missingInclude]
#include "content/handlers/image/svg.h"
^
src/content/handlers/image/image.c:42:0: information: Include file: "content/handlers/image/video.h" not found. [missingInclude]
#include "content/handlers/image/video.h"
^
src/content/handlers/image/image.c:43:0: information: Include file: "content/handlers/image/webp.h" not found. [missingInclude]
#include "content/handlers/image/webp.h"
^
src/content/handlers/image/image.c:126:9: style: The scope of the variable 'height' can be reduced. [variableScope]
    int height;
        ^
src/content/handlers/image/image.c:127:20: style: The scope of the variable 'pixel' can be reduced. [variableScope]
    unsigned char *pixel;
                   ^
src/content/handlers/image/image_cache.c:42:0: information: Include file: "content/handlers/image/image.h" not found. [missingInclude]
#include "content/handlers/image/image.h"
^
src/content/handlers/image/image_cache.c:43:0: information: Include file: "content/handlers/image/image_cache.h" not found. [missingInclude]
#include "content/handlers/image/image_cache.h"
^
src/content/handlers/image/image_cache.c:483:44: style: Parameter 'c' can be declared as pointer to const [constParameterPointer]
bool image_cache_speculate(struct content *c)
                                           ^
src/content/handlers/image/image_cache.c:507:33: style: Variable 'centry' can be declared as pointer to const [constVariablePointer]
    struct image_cache_entry_s *centry;
                                ^
src/content/handlers/image/image_cache.c:505:56: style: Parameter 'c' can be declared as pointer to const [constParameterPointer]
struct bitmap *image_cache_find_bitmap(struct content *c)
                                                       ^
src/content/handlers/image/image_cache.c:929:44: style: Parameter 'c' can be declared as pointer to const [constParameterPointer]
bool image_cache_is_opaque(struct content *c)
                                           ^
src/content/handlers/image/jpeg.c:39:0: information: Include file: "content/content_factory.h" not found. [missingInclude]
#include "content/content_factory.h"
^
src/content/handlers/image/jpeg.c:40:0: information: Include file: "desktop/bitmap.h" not found. [missingInclude]
#include "desktop/bitmap.h"
^
src/content/handlers/image/jpeg.c:42:0: information: Include file: "content/handlers/image/image_cache.h" not found. [missingInclude]
#include "content/handlers/image/image_cache.h"
^
src/content/handlers/image/jpeg.c:46:0: information: Include file: "jpeglib.h" not found. [missingInclude]
#include "jpeglib.h"
^
src/content/handlers/image/jpegxl.c:33:0: information: Include file: "utils/log.h" not found. [missingInclude]
#include "utils/log.h"
^
src/content/handlers/image/jpegxl.c:34:0: information: Include file: "utils/messages.h" not found. [missingInclude]
#include "utils/messages.h"
^
src/content/handlers/image/jpegxl.c:35:0: information: Include file: "utils/utils.h" not found. [missingInclude]
#include "utils/utils.h"
^
src/content/handlers/image/jpegxl.c:36:0: information: Include file: "content/content.h" not found. [missingInclude]
#include "content/content.h"
^
src/content/handlers/image/jpegxl.c:37:0: information: Include file: "content/content_factory.h" not found. [missingInclude]
#include "content/content_factory.h"
^
src/content/handlers/image/jpegxl.c:38:0: information: Include file: "content/content_protected.h" not found. [missingInclude]
#include "content/content_protected.h"
^
src/content/handlers/image/jpegxl.c:39:0: information: Include file: "content/llcache.h" not found. [missingInclude]
#include "content/llcache.h"
^
src/content/handlers/image/jpegxl.c:40:0: information: Include file: "desktop/bitmap.h" not found. [missingInclude]
#include "desktop/bitmap.h"
^
src/content/handlers/image/jpegxl.c:41:0: information: Include file: "desktop/gui_internal.h" not found. [missingInclude]
#include "desktop/gui_internal.h"
^
src/content/handlers/image/jpegxl.c:42:0: information: Include file: "wisp/bitmap.h" not found. [missingInclude]
#include "wisp/bitmap.h"
^
src/content/handlers/image/jpegxl.c:44:0: information: Include file: "image/image_cache.h" not found. [missingInclude]
#include "image/image_cache.h"
^
src/content/handlers/image/jpegxl.c:46:0: information: Include file: "image/jpegxl.h" not found. [missingInclude]
#include "image/jpegxl.h"
^
src/content/handlers/image/nssprite.c:30:0: information: Include file: "utils/log.h" not found. [missingInclude]
#include "utils/log.h"
^
src/content/handlers/image/nssprite.c:31:0: information: Include file: "utils/messages.h" not found. [missingInclude]
#include "utils/messages.h"
^
src/content/handlers/image/nssprite.c:32:0: information: Include file: "utils/utils.h" not found. [missingInclude]
#include "utils/utils.h"
^
src/content/handlers/image/nssprite.c:33:0: information: Include file: "content/content_factory.h" not found. [missingInclude]
#include "content/content_factory.h"
^
src/content/handlers/image/nssprite.c:34:0: information: Include file: "content/content_protected.h" not found. [missingInclude]
#include "content/content_protected.h"
^
src/content/handlers/image/nssprite.c:35:0: information: Include file: "content/llcache.h" not found. [missingInclude]
#include "content/llcache.h"
^
src/content/handlers/image/nssprite.c:36:0: information: Include file: "desktop/bitmap.h" not found. [missingInclude]
#include "desktop/bitmap.h"
^
src/content/handlers/image/nssprite.c:37:0: information: Include file: "desktop/gui_internal.h" not found. [missingInclude]
#include "desktop/gui_internal.h"
^
src/content/handlers/image/nssprite.c:38:0: information: Include file: "wisp/bitmap.h" not found. [missingInclude]
#include "wisp/bitmap.h"
^
src/content/handlers/image/nssprite.c:39:0: information: Include file: "wisp/content.h" not found. [missingInclude]
#include "wisp/content.h"
^
src/content/handlers/image/nssprite.c:40:0: information: Include file: "wisp/plotters.h" not found. [missingInclude]
#include "wisp/plotters.h"
^
src/content/handlers/image/nssprite.c:42:0: information: Include file: "image/nssprite.h" not found. [missingInclude]
#include "image/nssprite.h"
^
src/content/handlers/image/nssprite.c:224:13: error: Memory leak: sprite [memleak]
            return NSERROR_CLONE_FAILED;
            ^
src/content/handlers/image/nssprite.c:129:20: style: Variable 'spritebuf' can be declared as pointer to const [constVariablePointer]
    unsigned char *spritebuf = (unsigned char *)sprite->image;
                   ^
src/content/handlers/image/nssprite.c:235:23: style: Variable 'nssprite' can be declared as pointer to const [constVariablePointer]
    nssprite_content *nssprite = (nssprite_content *)c;
                      ^
src/content/handlers/image/png.c:34:0: information: Include file: "content/content_factory.h" not found. [missingInclude]
#include "content/content_factory.h"
^
src/content/handlers/image/png.c:35:0: information: Include file: "desktop/bitmap.h" not found. [missingInclude]
#include "desktop/bitmap.h"
^
src/content/handlers/image/png.c:37:0: information: Include file: "content/handlers/image/image_cache.h" not found. [missingInclude]
#include "content/handlers/image/image_cache.h"
^
src/content/handlers/image/png.c:38:0: information: Include file: "content/handlers/image/png.h" not found. [missingInclude]
#include "content/handlers/image/png.h"
^
src/content/handlers/image/png.c:420:9: style: The scope of the variable 'hloop' can be reduced. [variableScope]
    int hloop;
        ^
src/content/handlers/image/svg.c:41:0: information: Include file: "content/content_factory.h" not found. [missingInclude]
#include "content/content_factory.h"
^
src/content/handlers/image/svg.c:43:0: information: Include file: "content/handlers/image/svg.h" not found. [missingInclude]
#include "content/handlers/image/svg.h"
^
src/content/handlers/image/svg.c:877:18: style: Variable 'svg' can be declared as pointer to const [constVariablePointer]
    svg_content *svg = (svg_content *)c;
                 ^
src/content/handlers/image/svg.c:94:14: style: Variable 'px' is assigned a value that is never used. [unreadVariable]
    float px = -ndy * stroke_width / 2.0f;
             ^
src/content/handlers/image/svg.c:95:14: style: Variable 'py' is assigned a value that is never used. [unreadVariable]
    float py = ndx * stroke_width / 2.0f;
             ^
src/content/handlers/image/svg.c:483:25: style: Variable 'url_str' is assigned a value that is never used. [unreadVariable]
    const char *url_str = content_url ? nsurl_access(content_url) : "(inline)";
                        ^
src/content/handlers/image/video.c:47:0: information: Include file: "utils/http/parameter.h" not found. [missingInclude]
#include "utils/http/parameter.h"
^
src/content/handlers/image/video.c:48:0: information: Include file: "content/content_factory.h" not found. [missingInclude]
#include "content/content_factory.h"
^
src/content/handlers/image/video.c:50:0: information: Include file: "content/handlers/image/video.h" not found. [missingInclude]
#include "content/handlers/image/video.h"
^
src/content/handlers/image/video.c:103:9: style: Obsolescent function 'usleep' called. It is recommended to use 'nanosleep' or 'setitimer' instead. [usleepCalled]
        usleep(10000);
        ^
src/content/handlers/image/video.c:229:13: style: Obsolescent function 'usleep' called. It is recommended to use 'nanosleep' or 'setitimer' instead. [usleepCalled]
            usleep(10000);
            ^
src/content/handlers/image/video.c:346:9: error: Memory leak: video [memleak]
        return error;
        ^
src/content/handlers/image/video.c:353:9: error: Memory leak: video [memleak]
        return NSERROR_NOMEM;
        ^
src/content/handlers/image/video.c:296:46: portability: Casting between unsigned char * and float * which have an incompatible binary data representation. [invalidPointerCast]
                            float *samples = (float *)out_data[0];
                                             ^
src/content/handlers/image/video.c:267:66: style: The comparison 'layout == BITMAP_LAYOUT_ARGB8888' is always true because 'layout' and 'BITMAP_LAYOUT_ARGB8888' represent the same value. [knownConditionTrueFalse]
                        enum AVPixelFormat dst_pix_fmt = (layout == BITMAP_LAYOUT_ARGB8888) ? AV_PIX_FMT_RGBA : AV_PIX_FMT_BGRA;
                                                                 ^
src/content/handlers/image/video.c:261:53: note: 'layout' is assigned value 'BITMAP_LAYOUT_ARGB8888' here.
                        enum bitmap_layout layout = BITMAP_LAYOUT_ARGB8888;
                                                    ^
src/content/handlers/image/video.c:267:66: note: The comparison 'layout == BITMAP_LAYOUT_ARGB8888' is always true because 'layout' and 'BITMAP_LAYOUT_ARGB8888' represent the same value.
                        enum AVPixelFormat dst_pix_fmt = (layout == BITMAP_LAYOUT_ARGB8888) ? AV_PIX_FMT_RGBA : AV_PIX_FMT_BGRA;
                                                                 ^
src/content/handlers/image/video.c:462:66: style: Parameter 'context' can be declared as pointer to const. However it seems that 'nsvideo_get_internal' is a callback function, if 'context' is declared with const you might also need to cast function pointer(s). [constParameterCallback]
static void *nsvideo_get_internal(const struct content *c, void *context)
                                                                 ^
src/content/handlers/image/video.c:520:21: note: You might need to cast the function pointer here
    .get_internal = nsvideo_get_internal,
                    ^
src/content/handlers/image/video.c:462:66: note: Parameter 'context' can be declared as pointer to const
static void *nsvideo_get_internal(const struct content *c, void *context)
                                                                 ^
src/content/handlers/image/video.c:504:22: style: Variable 'video' can be declared as pointer to const [constVariablePointer]
    nsvideo_content *video = (nsvideo_content *)c;
                     ^
src/content/handlers/image/video.c:509:22: style: Variable 'video' can be declared as pointer to const [constVariablePointer]
    nsvideo_content *video = (nsvideo_content *)c;
                     ^
src/content/handlers/image/webp.c:40:0: information: Include file: "content/content_factory.h" not found. [missingInclude]
#include "content/content_factory.h"
^
src/content/handlers/image/webp.c:41:0: information: Include file: "desktop/bitmap.h" not found. [missingInclude]
#include "desktop/bitmap.h"
^
src/content/handlers/image/webp.c:43:0: information: Include file: "content/handlers/image/image_cache.h" not found. [missingInclude]
#include "content/handlers/image/image_cache.h"
^
src/content/handlers/image/webp.c:85:14: style: Variable 'decoded' can be declared as pointer to const [constVariablePointer]
    uint8_t *decoded;
             ^
src/content/handlers/javascript/content.c:36:0: information: Include file: "content/content_factory.h" not found. [missingInclude]
#include "content/content_factory.h"
^
src/content/handlers/javascript/content.c:37:0: information: Include file: "content/handlers/javascript/content.h" not found. [missingInclude]
#include "content/handlers/javascript/content.h"
^
src/content/handlers/javascript/fetcher.c:33:0: information: Include file: "utils/ring.h" not found. [missingInclude]
#include "utils/ring.h"
^
src/content/handlers/javascript/fetcher.c:34:0: information: Include file: "content/fetchers.h" not found. [missingInclude]
#include "content/fetchers.h"
^
src/content/handlers/javascript/fetcher.c:36:0: information: Include file: "content/handlers/javascript/fetcher.h" not found. [missingInclude]
#include "content/handlers/javascript/fetcher.h"
^
src/content/handlers/javascript/fetcher.c:152:38: style: The scope of the variable 'c' can be reduced. [variableScope]
    struct fetch_javascript_context *c, *save_ring = NULL;
                                     ^
src/content/handlers/javascript/fetcher.c:40:38: style: struct member 'fetch_javascript_context::r_next' is never used. [unusedStructMember]
    struct fetch_javascript_context *r_next, *r_prev;
                                     ^
src/content/handlers/javascript/fetcher.c:40:47: style: struct member 'fetch_javascript_context::r_prev' is never used. [unusedStructMember]
    struct fetch_javascript_context *r_next, *r_prev;
                                              ^
src/content/handlers/javascript/quickjs/crypto.h:10:0: information: Include file: "quickjs.h" not found. [missingInclude]
#include "quickjs.h"
^
src/content/handlers/javascript/quickjs/crypto.c:67:10: style: The scope of the variable 'is_typed_array' can be reduced. [variableScope]
    bool is_typed_array = false;
         ^
src/content/handlers/javascript/quickjs/crypto.c:67:25: style: Variable 'is_typed_array' is assigned a value that is never used. [unreadVariable]
    bool is_typed_array = false;
                        ^
src/content/handlers/javascript/quickjs/crypto.c:79:24: style: Variable 'is_typed_array' is assigned a value that is never used. [unreadVariable]
        is_typed_array = true;
                       ^
src/content/handlers/javascript/quickjs/dom_bridge.h:4:0: information: Include file: "quickjs.h" not found. [missingInclude]
#include "quickjs.h"
^
src/content/handlers/javascript/quickjs/dom_bridge.h:5:0: information: Include file: "utils/libdom.h" not found. [missingInclude]
#include "utils/libdom.h"
^
src/content/handlers/javascript/quickjs/qjs_internal.h:4:0: information: Include file: "quickjs.h" not found. [missingInclude]
#include "quickjs.h"
^
src/content/handlers/javascript/quickjs/qjs_internal.h:7:0: information: Include file: "utils/libdom.h" not found. [missingInclude]
#include "utils/libdom.h"
^
src/content/handlers/javascript/quickjs/qjs_internal.h:8:0: information: Include file: "content/handlers/javascript/js.h" not found. [missingInclude]
#include "content/handlers/javascript/js.h"
^
src/content/handlers/javascript/quickjs/dom_bridge.h:41:0: information: Include file: "generated_bindings.h" not found. [missingInclude]
#include "generated_bindings.h"
^
src/content/handlers/javascript/quickjs/dom_bridge.c:10:0: information: Include file: "utils/hashmap.h" not found. [missingInclude]
#include "utils/hashmap.h"
^
src/content/handlers/javascript/quickjs/dom_bridge.c:24:19: style: Variable 'k1' can be declared as pointer to const [constVariablePointer]
    bridge_key_t *k1 = key1, *k2 = key2;
                  ^
src/content/handlers/javascript/quickjs/dom_bridge.c:24:31: style: Variable 'k2' can be declared as pointer to const [constVariablePointer]
    bridge_key_t *k1 = key1, *k2 = key2;
                              ^
src/content/handlers/javascript/quickjs/dom_bridge.c:28:37: style: Parameter 'key' can be declared as pointer to const. However it seems that 'bridge_key_clone' is a callback function, if 'key' is declared with const you might also need to cast function pointer(s). [constParameterCallback]
static void *bridge_key_clone(void *key) {
                                    ^
src/content/handlers/javascript/quickjs/dom_bridge.c:47:18: note: You might need to cast the function pointer here
    .key_clone = bridge_key_clone,
                 ^
src/content/handlers/javascript/quickjs/dom_bridge.c:28:37: note: Parameter 'key' can be declared as pointer to const
static void *bridge_key_clone(void *key) {
                                    ^
src/content/handlers/javascript/quickjs/dom_bridge.c:114:18: style: Variable 'val' can be declared as pointer to const [constVariablePointer]
        JSValue *val = hashmap_lookup(map, &key);
                 ^
src/content/handlers/javascript/quickjs/dom_bridge.c:169:22: style: Variable 'val' can be declared as pointer to const [constVariablePointer]
            JSValue *val = hashmap_lookup(map, &cleanup.keys[i]);
                     ^
src/content/handlers/javascript/quickjs/dom_bridge.c:449:30: style: Variable 'prev' can be declared as pointer to const [constVariablePointer]
            struct dom_node *prev = NULL;
                             ^
src/content/handlers/javascript/quickjs/dom_bridge.c:484:18: style: Variable 'val' can be declared as pointer to const [constVariablePointer]
        JSValue *val = hashmap_lookup(map, &key);
                 ^
src/content/handlers/javascript/quickjs/dom_bridge.c:138:16: style: struct member 'bridge_full_cleanup_t::rt' is never used. [unusedStructMember]
    JSRuntime *rt;
               ^
src/content/handlers/javascript/quickjs/dom_bridge.c:449:30: style: Variable 'prev' is assigned a value that is never used. [unreadVariable]
            struct dom_node *prev = NULL;
                             ^
src/content/handlers/javascript/quickjs/impl/attr_impl.c:5:0: information: Include file: "quickjs.h" not found. [missingInclude]
#include "quickjs.h"
^
src/content/handlers/javascript/quickjs/impl/attr_impl.c:6:0: information: Include file: "dom_bridge.h" not found. [missingInclude]
#include "dom_bridge.h"
^
src/content/handlers/javascript/quickjs/impl/attr_impl.c:7:0: information: Include file: "qjs_internal.h" not found. [missingInclude]
#include "qjs_internal.h"
^
src/content/handlers/javascript/quickjs/impl/attr_impl.c:9:0: information: Include file: "utils/libdom.h" not found. [missingInclude]
#include "utils/libdom.h"
^
src/content/handlers/javascript/quickjs/impl/attr_impl.c:10:0: information: Include file: "JSAttr.gen.h" not found. [missingInclude]
#include "JSAttr.gen.h"
^
src/content/handlers/javascript/quickjs/impl/canvas_impl.c:14:0: information: Include file: "quickjs.h" not found. [missingInclude]
#include "quickjs.h"
^
src/content/handlers/javascript/quickjs/impl/canvas_impl.c:15:0: information: Include file: "dom_bridge.h" not found. [missingInclude]
#include "dom_bridge.h"
^
src/content/handlers/javascript/quickjs/impl/canvas_impl.c:16:0: information: Include file: "qjs_internal.h" not found. [missingInclude]
#include "qjs_internal.h"
^
src/content/handlers/javascript/quickjs/impl/canvas_impl.c:24:0: information: Include file: "utils/libdom.h" not found. [missingInclude]
#include "utils/libdom.h"
^
src/content/handlers/javascript/quickjs/impl/canvas_impl.c:29:0: information: Include file: "JSHTMLCanvasElement.gen.h" not found. [missingInclude]
#include "JSHTMLCanvasElement.gen.h"
^
src/content/handlers/javascript/quickjs/impl/canvas_impl.c:30:0: information: Include file: "JSCanvasRenderingContext2D.gen.h" not found. [missingInclude]
#include "JSCanvasRenderingContext2D.gen.h"
^
src/content/handlers/javascript/quickjs/impl/canvas_impl.c:106:33: style: Operator '|' with one operand equal to zero is redundant. [badBitmaskCheck]
            return (0x00 << 24) | (b << 16) | (g << 8) | r;
                                ^
src/content/handlers/javascript/quickjs/impl/canvas_impl.c:242:29: style: Variable 'cpriv' can be declared as pointer to const [constVariablePointer]
    CanvasContext2DPrivate *cpriv = get_canvas_cpriv(priv);
                            ^
src/content/handlers/javascript/quickjs/impl/canvas_impl.c:260:29: style: Variable 'cpriv' can be declared as pointer to const [constVariablePointer]
    CanvasContext2DPrivate *cpriv = get_canvas_cpriv(priv);
                            ^
src/content/handlers/javascript/quickjs/impl/canvas_impl.c:332:29: style: Variable 'cpriv' can be declared as pointer to const [constVariablePointer]
    CanvasContext2DPrivate *cpriv = get_canvas_cpriv(priv);
                            ^
src/content/handlers/javascript/quickjs/impl/canvas_impl.c:344:29: style: Variable 'cpriv' can be declared as pointer to const [constVariablePointer]
    CanvasContext2DPrivate *cpriv = get_canvas_cpriv(priv);
                            ^
src/content/handlers/javascript/quickjs/impl/canvas_impl.c:357:29: style: Variable 'cpriv' can be declared as pointer to const [constVariablePointer]
    CanvasContext2DPrivate *cpriv = get_canvas_cpriv(priv);
                            ^
src/content/handlers/javascript/quickjs/impl/canvas_impl.c:371:29: style: Variable 'cpriv' can be declared as pointer to const [constVariablePointer]
    CanvasContext2DPrivate *cpriv = get_canvas_cpriv(priv);
                            ^
src/content/handlers/javascript/quickjs/impl/canvas_impl.c:382:29: style: Variable 'cpriv' can be declared as pointer to const [constVariablePointer]
    CanvasContext2DPrivate *cpriv = get_canvas_cpriv(priv);
                            ^
src/content/handlers/javascript/quickjs/impl/canvas_impl.c:393:29: style: Variable 'cpriv' can be declared as pointer to const [constVariablePointer]
    CanvasContext2DPrivate *cpriv = get_canvas_cpriv(priv);
                            ^
src/content/handlers/javascript/quickjs/impl/canvas_impl.c:404:29: style: Variable 'cpriv' can be declared as pointer to const [constVariablePointer]
    CanvasContext2DPrivate *cpriv = get_canvas_cpriv(priv);
                            ^
src/content/handlers/javascript/quickjs/impl/canvas_impl.c:415:29: style: Variable 'cpriv' can be declared as pointer to const [constVariablePointer]
    CanvasContext2DPrivate *cpriv = get_canvas_cpriv(priv);
                            ^
src/content/handlers/javascript/quickjs/impl/canvas_impl.c:429:29: style: Variable 'cpriv' can be declared as pointer to const [constVariablePointer]
    CanvasContext2DPrivate *cpriv = get_canvas_cpriv(priv);
                            ^
src/content/handlers/javascript/quickjs/impl/canvas_impl.c:444:29: style: Variable 'cpriv' can be declared as pointer to const [constVariablePointer]
    CanvasContext2DPrivate *cpriv = get_canvas_cpriv(priv);
                            ^
src/content/handlers/javascript/quickjs/impl/canvas_impl.c:471:29: style: Variable 'cpriv' can be declared as pointer to const [constVariablePointer]
    CanvasContext2DPrivate *cpriv = get_canvas_cpriv(priv);
                            ^
src/content/handlers/javascript/quickjs/impl/canvas_impl.c:482:29: style: Variable 'cpriv' can be declared as pointer to const [constVariablePointer]
    CanvasContext2DPrivate *cpriv = get_canvas_cpriv(priv);
                            ^
src/content/handlers/javascript/quickjs/impl/canvas_impl.c:493:29: style: Variable 'cpriv' can be declared as pointer to const [constVariablePointer]
    CanvasContext2DPrivate *cpriv = get_canvas_cpriv(priv);
                            ^
src/content/handlers/javascript/quickjs/impl/canvas_impl.c:504:29: style: Variable 'cpriv' can be declared as pointer to const [constVariablePointer]
    CanvasContext2DPrivate *cpriv = get_canvas_cpriv(priv);
                            ^
src/content/handlers/javascript/quickjs/impl/canvas_impl.c:515:29: style: Variable 'cpriv' can be declared as pointer to const [constVariablePointer]
    CanvasContext2DPrivate *cpriv = get_canvas_cpriv(priv);
                            ^
src/content/handlers/javascript/quickjs/impl/canvas_impl.c:526:29: style: Variable 'cpriv' can be declared as pointer to const [constVariablePointer]
    CanvasContext2DPrivate *cpriv = get_canvas_cpriv(priv);
                            ^
src/content/handlers/javascript/quickjs/impl/canvas_impl.c:537:29: style: Variable 'cpriv' can be declared as pointer to const [constVariablePointer]
    CanvasContext2DPrivate *cpriv = get_canvas_cpriv(priv);
                            ^
src/content/handlers/javascript/quickjs/impl/canvas_impl.c:588:29: style: Variable 'cpriv' can be declared as pointer to const [constVariablePointer]
    CanvasContext2DPrivate *cpriv = get_canvas_cpriv(priv);
                            ^
src/content/handlers/javascript/quickjs/impl/canvas_impl.c:598:29: style: Variable 'cpriv' can be declared as pointer to const [constVariablePointer]
    CanvasContext2DPrivate *cpriv = get_canvas_cpriv(priv);
                            ^
src/content/handlers/javascript/quickjs/impl/canvas_impl.c:608:29: style: Variable 'cpriv' can be declared as pointer to const [constVariablePointer]
    CanvasContext2DPrivate *cpriv = get_canvas_cpriv(priv);
                            ^
src/content/handlers/javascript/quickjs/impl/canvas_impl.c:619:29: style: Variable 'cpriv' can be declared as pointer to const [constVariablePointer]
    CanvasContext2DPrivate *cpriv = get_canvas_cpriv(priv);
                            ^
src/content/handlers/javascript/quickjs/impl/canvas_impl.c:651:29: style: Variable 'cpriv' can be declared as pointer to const [constVariablePointer]
    CanvasContext2DPrivate *cpriv = get_canvas_cpriv(priv);
                            ^
src/content/handlers/javascript/quickjs/impl/canvas_impl.c:716:29: style: Variable 'cpriv' can be declared as pointer to const [constVariablePointer]
    CanvasContext2DPrivate *cpriv = get_canvas_cpriv(priv);
                            ^
src/content/handlers/javascript/quickjs/impl/canvas_impl.c:726:29: style: Variable 'cpriv' can be declared as pointer to const [constVariablePointer]
    CanvasContext2DPrivate *cpriv = get_canvas_cpriv(priv);
                            ^
src/content/handlers/javascript/quickjs/impl/canvas_impl.c:724:96: style: Parameter 'path' can be declared as pointer to const [constParameterPointer]
JSValue wisp_canvasrenderingcontext2d_clip_1_impl(JSContext *ctx, QJSNodePrivate *priv, void * path, JSValue fillRule)
                                                                                               ^
src/content/handlers/javascript/quickjs/impl/canvas_impl.c:775:23: style: Variable 'src' can be declared as pointer to const [constVariablePointer]
    ImageDataPrivate *src = (ImageDataPrivate *)imagedata;
                      ^
src/content/handlers/javascript/quickjs/impl/canvas_impl.c:784:29: style: Variable 'cpriv' can be declared as pointer to const [constVariablePointer]
    CanvasContext2DPrivate *cpriv = get_canvas_cpriv(priv);
                            ^
src/content/handlers/javascript/quickjs/impl/canvas_impl.c:815:27: style: Variable 'pixel' can be declared as pointer to const [constVariablePointer]
                uint32_t *pixel = (uint32_t *)(src_buf + cur_y * src_stride + cur_x * 4);
                          ^
src/content/handlers/javascript/quickjs/impl/canvas_impl.c:913:29: style: Variable 'cpriv' can be declared as pointer to const [constVariablePointer]
    CanvasContext2DPrivate *cpriv = get_canvas_cpriv(priv);
                            ^
src/content/handlers/javascript/quickjs/impl/canvas_impl.c:542:23: style: Variable 'exc' is assigned a value that is never used. [unreadVariable]
    dom_exception exc = dom_node_get_user_data(img_priv->node, corestring_dom___ns_key_canvas_node_data, &bitmap);
                      ^
src/content/handlers/javascript/quickjs/impl/console_impl.c:4:0: information: Include file: "quickjs.h" not found. [missingInclude]
#include "quickjs.h"
^
src/content/handlers/javascript/quickjs/impl/console_impl.c:5:0: information: Include file: "dom_bridge.h" not found. [missingInclude]
#include "dom_bridge.h"
^
src/content/handlers/javascript/quickjs/impl/console_impl.c:6:0: information: Include file: "qjs_internal.h" not found. [missingInclude]
#include "qjs_internal.h"
^
src/content/handlers/javascript/quickjs/impl/console_impl.c:8:0: information: Include file: "utils/libdom.h" not found. [missingInclude]
#include "utils/libdom.h"
^
src/content/handlers/javascript/quickjs/impl/console_impl.c:9:0: information: Include file: "JSConsole.gen.h" not found. [missingInclude]
#include "JSConsole.gen.h"
^
src/content/handlers/javascript/quickjs/impl/dedicatedworkerglobalscope_impl.c:4:0: information: Include file: "quickjs.h" not found. [missingInclude]
#include "quickjs.h"
^
src/content/handlers/javascript/quickjs/impl/dedicatedworkerglobalscope_impl.c:5:0: information: Include file: "dom_bridge.h" not found. [missingInclude]
#include "dom_bridge.h"
^
src/content/handlers/javascript/quickjs/impl/dedicatedworkerglobalscope_impl.c:7:0: information: Include file: "JSDedicatedWorkerGlobalScope.gen.h" not found. [missingInclude]
#include "JSDedicatedWorkerGlobalScope.gen.h"
^
src/content/handlers/javascript/quickjs/impl/dedicatedworkerglobalscope_impl.c:8:0: information: Include file: "JSMessageEvent.gen.h" not found. [missingInclude]
#include "JSMessageEvent.gen.h"
^
src/content/handlers/javascript/quickjs/impl/dedicatedworkerglobalscope_impl.c:9:0: information: Include file: "qjs_internal.h" not found. [missingInclude]
#include "qjs_internal.h"
^
src/content/handlers/javascript/quickjs/impl/dedicatedworkerglobalscope_impl.c:10:0: information: Include file: "wisp_subsystem.h" not found. [missingInclude]
#include "wisp_subsystem.h"
^
src/content/handlers/javascript/quickjs/impl/dedicatedworkerglobalscope_impl.c:11:0: information: Include file: "wisp/desktop/gui_table.h" not found. [missingInclude]
#include "wisp/desktop/gui_table.h"
^
src/content/handlers/javascript/quickjs/impl/dedicatedworkerglobalscope_impl.c:12:0: information: Include file: "wisp/misc.h" not found. [missingInclude]
#include "wisp/misc.h"
^
src/content/handlers/javascript/quickjs/impl/document_impl.c:5:0: information: Include file: "quickjs.h" not found. [missingInclude]
#include "quickjs.h"
^
src/content/handlers/javascript/quickjs/impl/document_impl.c:6:0: information: Include file: "dom_bridge.h" not found. [missingInclude]
#include "dom_bridge.h"
^
src/content/handlers/javascript/quickjs/impl/document_impl.c:7:0: information: Include file: "qjs_internal.h" not found. [missingInclude]
#include "qjs_internal.h"
^
src/content/handlers/javascript/quickjs/impl/document_impl.c:9:0: information: Include file: "utils/libdom.h" not found. [missingInclude]
#include "utils/libdom.h"
^
src/content/handlers/javascript/quickjs/impl/document_impl.c:10:0: information: Include file: "JSDocument.gen.h" not found. [missingInclude]
#include "JSDocument.gen.h"
^
src/content/handlers/javascript/quickjs/impl/domrect_impl.c:5:0: information: Include file: "quickjs.h" not found. [missingInclude]
#include "quickjs.h"
^
src/content/handlers/javascript/quickjs/impl/domrect_impl.c:6:0: information: Include file: "dom_bridge.h" not found. [missingInclude]
#include "dom_bridge.h"
^
src/content/handlers/javascript/quickjs/impl/domrect_impl.c:7:0: information: Include file: "qjs_internal.h" not found. [missingInclude]
#include "qjs_internal.h"
^
src/content/handlers/javascript/quickjs/impl/domrect_impl.c:9:0: information: Include file: "utils/libdom.h" not found. [missingInclude]
#include "utils/libdom.h"
^
src/content/handlers/javascript/quickjs/impl/domrect_impl.c:10:0: information: Include file: "JSDOMRect.gen.h" not found. [missingInclude]
#include "JSDOMRect.gen.h"
^
src/content/handlers/javascript/quickjs/impl/domrect_impl.c:11:0: information: Include file: "JSDOMRectReadOnly.gen.h" not found. [missingInclude]
#include "JSDOMRectReadOnly.gen.h"
^
src/content/handlers/javascript/quickjs/impl/domrect_impl.c:51:15: style: Variable 'r' can be declared as pointer to const [constVariablePointer]
    WispRect *r = (WispRect*)priv->node;
              ^
src/content/handlers/javascript/quickjs/impl/domrect_impl.c:56:15: style: Variable 'r' can be declared as pointer to const [constVariablePointer]
    WispRect *r = (WispRect*)priv->node;
              ^
src/content/handlers/javascript/quickjs/impl/domrect_impl.c:61:15: style: Variable 'r' can be declared as pointer to const [constVariablePointer]
    WispRect *r = (WispRect*)priv->node;
              ^
src/content/handlers/javascript/quickjs/impl/domrect_impl.c:66:15: style: Variable 'r' can be declared as pointer to const [constVariablePointer]
    WispRect *r = (WispRect*)priv->node;
              ^
src/content/handlers/javascript/quickjs/impl/element_impl.c:5:0: information: Include file: "quickjs.h" not found. [missingInclude]
#include "quickjs.h"
^
src/content/handlers/javascript/quickjs/impl/element_impl.c:6:0: information: Include file: "dom_bridge.h" not found. [missingInclude]
#include "dom_bridge.h"
^
src/content/handlers/javascript/quickjs/impl/element_impl.c:7:0: information: Include file: "qjs_internal.h" not found. [missingInclude]
#include "qjs_internal.h"
^
src/content/handlers/javascript/quickjs/impl/element_impl.c:9:0: information: Include file: "utils/libdom.h" not found. [missingInclude]
#include "utils/libdom.h"
^
src/content/handlers/javascript/quickjs/impl/element_impl.c:10:0: information: Include file: "utils/corestrings.h" not found. [missingInclude]
#include "utils/corestrings.h"
^
src/content/handlers/javascript/quickjs/impl/element_impl.c:11:0: information: Include file: "JSElement.gen.h" not found. [missingInclude]
#include "JSElement.gen.h"
^
src/content/handlers/javascript/quickjs/impl/errorevent_impl.c:4:0: information: Include file: "quickjs.h" not found. [missingInclude]
#include "quickjs.h"
^
src/content/handlers/javascript/quickjs/impl/errorevent_impl.c:5:0: information: Include file: "dom_bridge.h" not found. [missingInclude]
#include "dom_bridge.h"
^
src/content/handlers/javascript/quickjs/impl/errorevent_impl.c:7:0: information: Include file: "JSErrorEvent.gen.h" not found. [missingInclude]
#include "JSErrorEvent.gen.h"
^
src/content/handlers/javascript/quickjs/impl/errorevent_impl.c:8:0: information: Include file: "JSEvent.gen.h" not found. [missingInclude]
#include "JSEvent.gen.h"
^
src/content/handlers/javascript/quickjs/impl/errorevent_impl.c:9:0: information: Include file: "qjs_internal.h" not found. [missingInclude]
#include "qjs_internal.h"
^
src/content/handlers/javascript/quickjs/impl/event_impl.c:4:0: information: Include file: "quickjs.h" not found. [missingInclude]
#include "quickjs.h"
^
src/content/handlers/javascript/quickjs/impl/event_impl.c:5:0: information: Include file: "dom_bridge.h" not found. [missingInclude]
#include "dom_bridge.h"
^
src/content/handlers/javascript/quickjs/impl/event_impl.c:6:0: information: Include file: "qjs_internal.h" not found. [missingInclude]
#include "qjs_internal.h"
^
src/content/handlers/javascript/quickjs/impl/event_impl.c:8:0: information: Include file: "utils/libdom.h" not found. [missingInclude]
#include "utils/libdom.h"
^
src/content/handlers/javascript/quickjs/impl/event_impl.c:10:0: information: Include file: "JSEvent.gen.h" not found. [missingInclude]
#include "JSEvent.gen.h"
^
src/content/handlers/javascript/quickjs/impl/eventtarget_impl.c:4:0: information: Include file: "quickjs.h" not found. [missingInclude]
#include "quickjs.h"
^
src/content/handlers/javascript/quickjs/impl/eventtarget_impl.c:5:0: information: Include file: "dom_bridge.h" not found. [missingInclude]
#include "dom_bridge.h"
^
src/content/handlers/javascript/quickjs/impl/eventtarget_impl.c:6:0: information: Include file: "qjs_internal.h" not found. [missingInclude]
#include "qjs_internal.h"
^
src/content/handlers/javascript/quickjs/impl/eventtarget_impl.c:8:0: information: Include file: "utils/libdom.h" not found. [missingInclude]
#include "utils/libdom.h"
^
src/content/handlers/javascript/quickjs/impl/eventtarget_impl.c:9:0: information: Include file: "JSEventTarget.gen.h" not found. [missingInclude]
#include "JSEventTarget.gen.h"
^
src/content/handlers/javascript/quickjs/impl/eventtarget_impl.c:94:22: style: Variable 'thread' can be declared as pointer to const [constVariablePointer]
    struct jsthread *thread = JS_GetContextOpaque(ctx);
                     ^
src/content/handlers/javascript/quickjs/impl/imagedata_impl.c:5:0: information: Include file: "quickjs.h" not found. [missingInclude]
#include "quickjs.h"
^
src/content/handlers/javascript/quickjs/impl/imagedata_impl.c:6:0: information: Include file: "dom_bridge.h" not found. [missingInclude]
#include "dom_bridge.h"
^
src/content/handlers/javascript/quickjs/impl/imagedata_impl.c:7:0: information: Include file: "qjs_internal.h" not found. [missingInclude]
#include "qjs_internal.h"
^
src/content/handlers/javascript/quickjs/impl/imagedata_impl.c:9:0: information: Include file: "JSImageData.gen.h" not found. [missingInclude]
#include "JSImageData.gen.h"
^
src/content/handlers/javascript/quickjs/impl/intersectionobserver_impl.c:4:0: information: Include file: "quickjs.h" not found. [missingInclude]
#include "quickjs.h"
^
src/content/handlers/javascript/quickjs/impl/intersectionobserver_impl.c:5:0: information: Include file: "dom_bridge.h" not found. [missingInclude]
#include "dom_bridge.h"
^
src/content/handlers/javascript/quickjs/impl/intersectionobserver_impl.c:6:0: information: Include file: "qjs_internal.h" not found. [missingInclude]
#include "qjs_internal.h"
^
src/content/handlers/javascript/quickjs/impl/intersectionobserver_impl.c:8:0: information: Include file: "utils/libdom.h" not found. [missingInclude]
#include "utils/libdom.h"
^
src/content/handlers/javascript/quickjs/impl/intersectionobserver_impl.c:9:0: information: Include file: "JSIntersectionObserver.gen.h" not found. [missingInclude]
#include "JSIntersectionObserver.gen.h"
^
src/content/handlers/javascript/quickjs/impl/observer_internal.h:4:0: information: Include file: "quickjs.h" not found. [missingInclude]
#include "quickjs.h"
^
src/content/handlers/javascript/quickjs/impl/observer_internal.h:5:0: information: Include file: "utils/libdom.h" not found. [missingInclude]
#include "utils/libdom.h"
^
src/content/handlers/javascript/quickjs/impl/intersectionobserver_impl.c:70:82: style: Parameter 'priv' can be declared as pointer to const [constParameterPointer]
JSValue wisp_intersectionobserver_unobserve_impl(JSContext *ctx, QJSNodePrivate *priv, void * target)
                                                                                 ^
src/content/handlers/javascript/quickjs/impl/intersectionobserver_impl.c:70:95: style: Parameter 'target' can be declared as pointer to const [constParameterPointer]
JSValue wisp_intersectionobserver_unobserve_impl(JSContext *ctx, QJSNodePrivate *priv, void * target)
                                                                                              ^
src/content/handlers/javascript/quickjs/impl/intersectionobserver_impl.c:145:29: style: Variable 'root_priv' can be declared as pointer to const [constVariablePointer]
            QJSNodePrivate *root_priv = qjs_get_dom_priv(ctx, js_root);
                            ^
src/content/handlers/javascript/quickjs/impl/intersectionobserverentry_impl.c:4:0: information: Include file: "quickjs.h" not found. [missingInclude]
#include "quickjs.h"
^
src/content/handlers/javascript/quickjs/impl/intersectionobserverentry_impl.c:5:0: information: Include file: "dom_bridge.h" not found. [missingInclude]
#include "dom_bridge.h"
^
src/content/handlers/javascript/quickjs/impl/intersectionobserverentry_impl.c:6:0: information: Include file: "qjs_internal.h" not found. [missingInclude]
#include "qjs_internal.h"
^
src/content/handlers/javascript/quickjs/impl/intersectionobserverentry_impl.c:8:0: information: Include file: "utils/libdom.h" not found. [missingInclude]
#include "utils/libdom.h"
^
src/content/handlers/javascript/quickjs/impl/intersectionobserverentry_impl.c:9:0: information: Include file: "JSIntersectionObserverEntry.gen.h" not found. [missingInclude]
#include "JSIntersectionObserverEntry.gen.h"
^
src/content/handlers/javascript/quickjs/impl/intersectionobserverentry_impl.c:24:97: style: Parameter 'entry_data' can be declared as pointer to const [constParameterPointer]
JSValue qjs_new_intersectionobserverentry_manual(JSContext *ctx, WispIntersectionObserverEntry *entry_data)
                                                                                                ^
src/content/handlers/javascript/quickjs/impl/location_impl.c:4:0: information: Include file: "quickjs.h" not found. [missingInclude]
#include "quickjs.h"
^
src/content/handlers/javascript/quickjs/impl/location_impl.c:5:0: information: Include file: "dom_bridge.h" not found. [missingInclude]
#include "dom_bridge.h"
^
src/content/handlers/javascript/quickjs/impl/location_impl.c:7:0: information: Include file: "JSLocation.gen.h" not found. [missingInclude]
#include "JSLocation.gen.h"
^
src/content/handlers/javascript/quickjs/impl/messageevent_impl.c:4:0: information: Include file: "quickjs.h" not found. [missingInclude]
#include "quickjs.h"
^
src/content/handlers/javascript/quickjs/impl/messageevent_impl.c:5:0: information: Include file: "dom_bridge.h" not found. [missingInclude]
#include "dom_bridge.h"
^
src/content/handlers/javascript/quickjs/impl/messageevent_impl.c:7:0: information: Include file: "JSMessageEvent.gen.h" not found. [missingInclude]
#include "JSMessageEvent.gen.h"
^
src/content/handlers/javascript/quickjs/impl/messageevent_impl.c:8:0: information: Include file: "JSEvent.gen.h" not found. [missingInclude]
#include "JSEvent.gen.h"
^
src/content/handlers/javascript/quickjs/impl/messageevent_impl.c:9:0: information: Include file: "qjs_internal.h" not found. [missingInclude]
#include "qjs_internal.h"
^
src/content/handlers/javascript/quickjs/impl/mutationobserver_impl.c:4:0: information: Include file: "quickjs.h" not found. [missingInclude]
#include "quickjs.h"
^
src/content/handlers/javascript/quickjs/impl/mutationobserver_impl.c:5:0: information: Include file: "dom_bridge.h" not found. [missingInclude]
#include "dom_bridge.h"
^
src/content/handlers/javascript/quickjs/impl/mutationobserver_impl.c:6:0: information: Include file: "qjs_internal.h" not found. [missingInclude]
#include "qjs_internal.h"
^
src/content/handlers/javascript/quickjs/impl/mutationobserver_impl.c:8:0: information: Include file: "utils/libdom.h" not found. [missingInclude]
#include "utils/libdom.h"
^
src/content/handlers/javascript/quickjs/impl/mutationobserver_impl.c:10:0: information: Include file: "JSMutationObserver.gen.h" not found. [missingInclude]
#include "JSMutationObserver.gen.h"
^
src/content/handlers/javascript/quickjs/impl/mutationobserver_impl.c:164:76: style: Parameter 'priv' can be declared as pointer to const [constParameterPointer]
JSValue wisp_mutationobserver_observe_impl(JSContext *ctx, QJSNodePrivate *priv, void * target, JSValue options)
                                                                           ^
src/content/handlers/javascript/quickjs/impl/mutationrecord_impl.c:4:0: information: Include file: "quickjs.h" not found. [missingInclude]
#include "quickjs.h"
^
src/content/handlers/javascript/quickjs/impl/mutationrecord_impl.c:5:0: information: Include file: "dom_bridge.h" not found. [missingInclude]
#include "dom_bridge.h"
^
src/content/handlers/javascript/quickjs/impl/mutationrecord_impl.c:6:0: information: Include file: "qjs_internal.h" not found. [missingInclude]
#include "qjs_internal.h"
^
src/content/handlers/javascript/quickjs/impl/mutationrecord_impl.c:8:0: information: Include file: "utils/libdom.h" not found. [missingInclude]
#include "utils/libdom.h"
^
src/content/handlers/javascript/quickjs/impl/mutationrecord_impl.c:9:0: information: Include file: "JSMutationRecord.gen.h" not found. [missingInclude]
#include "JSMutationRecord.gen.h"
^
src/content/handlers/javascript/quickjs/impl/navigator_impl.c:4:0: information: Include file: "quickjs.h" not found. [missingInclude]
#include "quickjs.h"
^
src/content/handlers/javascript/quickjs/impl/navigator_impl.c:5:0: information: Include file: "dom_bridge.h" not found. [missingInclude]
#include "dom_bridge.h"
^
src/content/handlers/javascript/quickjs/impl/navigator_impl.c:7:0: information: Include file: "JSNavigator.gen.h" not found. [missingInclude]
#include "JSNavigator.gen.h"
^
src/content/handlers/javascript/quickjs/impl/node_impl.c:5:0: information: Include file: "quickjs.h" not found. [missingInclude]
#include "quickjs.h"
^
src/content/handlers/javascript/quickjs/impl/node_impl.c:6:0: information: Include file: "dom_bridge.h" not found. [missingInclude]
#include "dom_bridge.h"
^
src/content/handlers/javascript/quickjs/impl/node_impl.c:7:0: information: Include file: "wisp/content/handlers/html/box.h" not found. [missingInclude]
#include "wisp/content/handlers/html/box.h"
^
src/content/handlers/javascript/quickjs/impl/node_impl.c:8:0: information: Include file: "wisp/content/handlers/html/private.h" not found. [missingInclude]
#include "wisp/content/handlers/html/private.h"
^
src/content/handlers/javascript/quickjs/impl/node_impl.c:9:0: information: Include file: "content/handlers/html/box_construct.h" not found. [missingInclude]
#include "content/handlers/html/box_construct.h"
^
src/content/handlers/javascript/quickjs/impl/node_impl.c:10:0: information: Include file: "content/handlers/html/box_manipulate.h" not found. [missingInclude]
#include "content/handlers/html/box_manipulate.h"
^
src/content/handlers/javascript/quickjs/impl/node_impl.c:11:0: information: Include file: "qjs_internal.h" not found. [missingInclude]
#include "qjs_internal.h"
^
src/content/handlers/javascript/quickjs/impl/node_impl.c:13:0: information: Include file: "utils/libdom.h" not found. [missingInclude]
#include "utils/libdom.h"
^
src/content/handlers/javascript/quickjs/impl/node_impl.c:14:0: information: Include file: "generated_bindings.h" not found. [missingInclude]
#include "generated_bindings.h"
^
src/content/handlers/javascript/quickjs/impl/storage_impl.c:5:0: information: Include file: "quickjs.h" not found. [missingInclude]
#include "quickjs.h"
^
src/content/handlers/javascript/quickjs/impl/storage_impl.c:6:0: information: Include file: "dom_bridge.h" not found. [missingInclude]
#include "dom_bridge.h"
^
src/content/handlers/javascript/quickjs/impl/storage_impl.c:8:0: information: Include file: "JSStorage.gen.h" not found. [missingInclude]
#include "JSStorage.gen.h"
^
src/content/handlers/javascript/quickjs/impl/text_impl.c:4:0: information: Include file: "quickjs.h" not found. [missingInclude]
#include "quickjs.h"
^
src/content/handlers/javascript/quickjs/impl/text_impl.c:5:0: information: Include file: "dom_bridge.h" not found. [missingInclude]
#include "dom_bridge.h"
^
src/content/handlers/javascript/quickjs/impl/text_impl.c:6:0: information: Include file: "utils/libdom.h" not found. [missingInclude]
#include "utils/libdom.h"
^
src/content/handlers/javascript/quickjs/impl/trusted_types_impl.c:1:0: information: Include file: "quickjs.h" not found. [missingInclude]
#include "quickjs.h"
^
src/content/handlers/javascript/quickjs/impl/trusted_types_impl.c:2:0: information: Include file: "qjs_internal.h" not found. [missingInclude]
#include "qjs_internal.h"
^
src/content/handlers/javascript/quickjs/impl/trusted_types_impl.c:5:0: information: Include file: "content/handlers/html/private.h" not found. [missingInclude]
#include "content/handlers/html/private.h"
^
src/content/handlers/javascript/quickjs/impl/trusted_types_impl.c:15:25: style: Condition 't->doc_priv' is always true [knownConditionTrueFalse]
    if (t->win_priv && t->doc_priv && t->win_priv != t->doc_priv) {
                        ^
src/content/handlers/javascript/quickjs/impl/trusted_types_impl.c:35:25: style: Condition 't->doc_priv' is always true [knownConditionTrueFalse]
    if (t->win_priv && t->doc_priv && t->win_priv != t->doc_priv) {
                        ^
src/content/handlers/javascript/quickjs/impl/window_impl.c:4:0: information: Include file: "quickjs.h" not found. [missingInclude]
#include "quickjs.h"
^
src/content/handlers/javascript/quickjs/impl/window_impl.c:5:0: information: Include file: "dom_bridge.h" not found. [missingInclude]
#include "dom_bridge.h"
^
src/content/handlers/javascript/quickjs/impl/window_impl.c:7:0: information: Include file: "JSWindow.gen.h" not found. [missingInclude]
#include "JSWindow.gen.h"
^
src/content/handlers/javascript/quickjs/impl/window_impl.c:8:0: information: Include file: "qjs_internal.h" not found. [missingInclude]
#include "qjs_internal.h"
^
src/content/handlers/javascript/quickjs/impl/worker_impl.c:4:0: information: Include file: "quickjs.h" not found. [missingInclude]
#include "quickjs.h"
^
src/content/handlers/javascript/quickjs/impl/worker_impl.c:5:0: information: Include file: "dom_bridge.h" not found. [missingInclude]
#include "dom_bridge.h"
^
src/content/handlers/javascript/quickjs/impl/worker_impl.c:7:0: information: Include file: "JSWorker.gen.h" not found. [missingInclude]
#include "JSWorker.gen.h"
^
src/content/handlers/javascript/quickjs/impl/worker_impl.c:8:0: information: Include file: "JSMessageEvent.gen.h" not found. [missingInclude]
#include "JSMessageEvent.gen.h"
^
src/content/handlers/javascript/quickjs/impl/worker_impl.c:9:0: information: Include file: "JSErrorEvent.gen.h" not found. [missingInclude]
#include "JSErrorEvent.gen.h"
^
src/content/handlers/javascript/quickjs/impl/worker_impl.c:10:0: information: Include file: "qjs_internal.h" not found. [missingInclude]
#include "qjs_internal.h"
^
src/content/handlers/javascript/quickjs/impl/worker_impl.c:11:0: information: Include file: "wisp_subsystem.h" not found. [missingInclude]
#include "wisp_subsystem.h"
^
src/content/handlers/javascript/quickjs/impl/xhr_impl.c:5:0: information: Include file: "quickjs.h" not found. [missingInclude]
#include "quickjs.h"
^
src/content/handlers/javascript/quickjs/impl/xhr_impl.c:6:0: information: Include file: "dom_bridge.h" not found. [missingInclude]
#include "dom_bridge.h"
^
src/content/handlers/javascript/quickjs/impl/xhr_impl.c:7:0: information: Include file: "qjs_internal.h" not found. [missingInclude]
#include "qjs_internal.h"
^
src/content/handlers/javascript/quickjs/impl/xhr_impl.c:12:0: information: Include file: "utils/libdom.h" not found. [missingInclude]
#include "utils/libdom.h"
^
src/content/handlers/javascript/quickjs/impl/xhr_impl.c:13:0: information: Include file: "JSXMLHttpRequest.gen.h" not found. [missingInclude]
#include "JSXMLHttpRequest.gen.h"
^
src/content/handlers/javascript/quickjs/impl/xhr_impl.c:17:0: information: Include file: "JSEvent.gen.h" not found. [missingInclude]
#include "JSEvent.gen.h"
^
src/content/handlers/javascript/quickjs/impl/xhr_impl.c:140:35: style: Local variable 'p' shadows outer argument [shadowArgument]
                            char *p = strchr(status_line, ' ');
                                  ^
src/content/handlers/javascript/quickjs/impl/xhr_impl.c:112:61: note: Shadowed declaration
static void xhr_callback(const struct fetch_msg *msg, void *p)
                                                            ^
src/content/handlers/javascript/quickjs/impl/xhr_impl.c:140:35: note: Shadow variable
                            char *p = strchr(status_line, ' ');
                                  ^
src/content/handlers/javascript/quickjs/impl/xhr_impl.c:134:27: style: Variable 'line_end' can be declared as pointer to const [constVariablePointer]
                    char *line_end = strchr(xhr->response_headers, '\r');
                          ^
src/content/handlers/javascript/quickjs/impl/xhr_impl.c:285:34: style: Variable 'h' can be declared as pointer to const [constVariablePointer]
    struct fetch_multipart_data *h = xhr->out_headers;
                                 ^
src/content/handlers/javascript/quickjs/impl/xhr_impl.c:323:11: style: Variable 'found' can be declared as pointer to const [constVariablePointer]
    char *found = strcasestr(xhr->response_headers, header);
          ^
src/content/handlers/javascript/quickjs/impl/xhr_impl.c:325:15: style: Variable 'end' can be declared as pointer to const [constVariablePointer]
        char *end = strchr(found, '\r');
              ^
src/content/handlers/javascript/quickjs/qjs.c:19:0: information: Include file: "utils/libdom.h" not found. [missingInclude]
#include "utils/libdom.h"
^
src/content/handlers/javascript/quickjs/qjs.c:20:0: information: Include file: "quickjs.h" not found. [missingInclude]
#include "quickjs.h"
^
src/content/handlers/javascript/quickjs/qjs.c:21:0: information: Include file: "utils/hashmap.h" not found. [missingInclude]
#include "utils/hashmap.h"
^
src/content/handlers/javascript/quickjs/qjs.c:22:0: information: Include file: "content/handlers/javascript/js.h" not found. [missingInclude]
#include "content/handlers/javascript/js.h"
^
src/content/handlers/javascript/quickjs/qjs.c:24:0: information: Include file: "JSEvent.gen.h" not found. [missingInclude]
#include "JSEvent.gen.h"
^
src/content/handlers/javascript/quickjs/wisp_subsystem.h:11:0: information: Include file: "quickjs.h" not found. [missingInclude]
#include "quickjs.h"
^
src/content/handlers/javascript/quickjs/qjs.c:328:21: style: Obsolescent function 'usleep' called. It is recommended to use 'nanosleep' or 'setitimer' instead. [usleepCalled]
                    usleep(10000);
                    ^
src/content/handlers/javascript/quickjs/qjs.c:723:21: style: Obsolescent function 'usleep' called. It is recommended to use 'nanosleep' or 'setitimer' instead. [usleepCalled]
                    usleep(10000);
                    ^
src/content/handlers/javascript/quickjs/qjs.c:81:10: style: Variable 'cache_dir' can be declared as const array [constVariable]
    char cache_dir[] = "/tmp/wisp-bytecode-cache";
         ^
src/content/handlers/javascript/quickjs/qjs.c:164:11: style: Variable 'dir_name' can be declared as pointer to const [constVariablePointer]
    char *dir_name = mkdtemp(template);
          ^
src/content/handlers/javascript/quickjs/qjs.c:175:47: style: Parameter 'win_priv' can be declared as pointer to const [constParameterPointer]
static void resolve_origin_from_content(void *win_priv, void *doc_priv, char *origin_buf, size_t buf_len) {
                                              ^
src/content/handlers/javascript/quickjs/qjs.c:218:30: style: Variable 'htmlc' can be declared as pointer to const [constVariablePointer]
        struct html_content *htmlc = (struct html_content *)doc_priv;
                             ^
src/content/handlers/javascript/quickjs/qjs.c:411:20: style: Variable 'heap' can be declared as pointer to const [constVariablePointer]
    struct jsheap *heap = opaque;
                   ^
src/content/handlers/javascript/quickjs/qjs.c:779:30: style: Parameter 'thread' can be declared as pointer to const [constParameterPointer]
bool js_fire_event(jsthread *thread, const char *type, struct dom_document *doc, struct dom_node *target)
                             ^
src/content/handlers/javascript/quickjs/timers.c:10:0: information: Include file: "quickjs.h" not found. [missingInclude]
#include "quickjs.h"
^
src/content/handlers/javascript/quickjs/wisp_subsystem.c:8:0: information: Include file: "wisp/utils/log.h" not found. [missingInclude]
#include "wisp/utils/log.h"
^
src/content/handlers/javascript/quickjs/wisp_subsystem.c:9:0: information: Include file: "wisp/utils/utils.h" not found. [missingInclude]
#include "wisp/utils/utils.h"
^
src/content/handlers/javascript/quickjs/wisp_subsystem.c:10:0: information: Include file: "content/handlers/javascript/js.h" not found. [missingInclude]
#include "content/handlers/javascript/js.h"
^
src/content/handlers/javascript/quickjs/wisp_subsystem.c:13:0: information: Include file: "wisp/desktop/gui_table.h" not found. [missingInclude]
#include "wisp/desktop/gui_table.h"
^
src/content/handlers/javascript/quickjs/wisp_subsystem.c:14:0: information: Include file: "wisp/misc.h" not found. [missingInclude]
#include "wisp/misc.h"
^
src/content/handlers/javascript/quickjs/wisp_subsystem.c:15:0: information: Include file: "wisp/content.h" not found. [missingInclude]
#include "wisp/content.h"
^
src/content/handlers/javascript/quickjs/wisp_subsystem.c:16:0: information: Include file: "wisp/content/hlcache.h" not found. [missingInclude]
#include "wisp/content/hlcache.h"
^
src/content/handlers/javascript/quickjs/wisp_subsystem.c:304:11: style: Variable 'env_workers' can be declared as pointer to const [constVariablePointer]
    char *env_workers = getenv("WISP_JS_WORKERS");
          ^
src/content/handlers/javascript/quickjs/wisp_subsystem.c:488:23: style: Variable 'h' can be declared as pointer to const [constVariablePointer]
    WispWorkerHandle *h = opaque;
                      ^
src/content/handlers/text/textplain.c:45:0: information: Include file: "utils/http.h" not found. [missingInclude]
#include "utils/http.h"
^
src/content/handlers/text/textplain.c:46:0: information: Include file: "content/content_factory.h" not found. [missingInclude]
#include "content/content_factory.h"
^
src/content/handlers/text/textplain.c:47:0: information: Include file: "content/textsearch.h" not found. [missingInclude]
#include "content/textsearch.h"
^
src/content/handlers/text/textplain.c:48:0: information: Include file: "desktop/selection.h" not found. [missingInclude]
#include "desktop/selection.h"
^
src/content/handlers/text/textplain.c:50:0: information: Include file: "content/handlers/text/textplain.h" not found. [missingInclude]
#include "content/handlers/text/textplain.h"
^
src/content/handlers/text/textplain.c:974:12: style: The scope of the variable 'length' can be reduced. [variableScope]
    size_t length;
           ^
src/content/handlers/text/textplain.c:1025:21: style: Local variable 'res' shadows outer variable [shadowVariable]
            nserror res;
                    ^
src/content/handlers/text/textplain.c:976:13: note: Shadowed declaration
    nserror res;
            ^
src/content/handlers/text/textplain.c:1025:21: note: Shadow variable
            nserror res;
                    ^
src/content/handlers/text/textplain.c:1066:30: style: Local variable 'start_idx' shadows outer variable [shadowVariable]
                    unsigned start_idx, end_idx;
                             ^
src/content/handlers/text/textplain.c:1059:26: note: Shadowed declaration
                unsigned start_idx, end_idx;
                         ^
src/content/handlers/text/textplain.c:1066:30: note: Shadow variable
                    unsigned start_idx, end_idx;
                             ^
src/content/handlers/text/textplain.c:1066:41: style: Local variable 'end_idx' shadows outer variable [shadowVariable]
                    unsigned start_idx, end_idx;
                                        ^
src/content/handlers/text/textplain.c:1059:37: note: Shadowed declaration
                unsigned start_idx, end_idx;
                                    ^
src/content/handlers/text/textplain.c:1066:41: note: Shadow variable
                    unsigned start_idx, end_idx;
                                        ^
src/content/handlers/text/textplain.c:1354:21: style: Local variable 'text' shadows outer variable [shadowVariable]
        const char *text = utf8_data + line[lineno].start;
                    ^
src/content/handlers/text/textplain.c:1322:24: note: Shadowed declaration
    textplain_content *text = (textplain_content *)c;
                       ^
src/content/handlers/text/textplain.c:1354:21: note: Shadow variable
        const char *text = utf8_data + line[lineno].start;
                    ^
src/content/handlers/text/textplain.c:963:28: style: Variable 'bw' can be declared as pointer to const [constVariablePointer]
    struct browser_window *bw = text->bw;
                           ^
src/content/handlers/text/textplain.c:960:52: style: Parameter 'data' can be declared as pointer to const. However it seems that 'textplain_redraw' is a callback function, if 'data' is declared with const you might also need to cast function pointer(s). [constParameterCallback]
    struct content *c, struct content_redraw_data *data, const struct rect *clip, const struct redraw_context *ctx)
                                                   ^
src/content/handlers/text/textplain.c:1477:15: note: You might need to cast the function pointer here
    .redraw = textplain_redraw,
              ^
src/content/handlers/text/textplain.c:960:52: note: Parameter 'data' can be declared as pointer to const
    struct content *c, struct content_redraw_data *data, const struct rect *clip, const struct redraw_context *ctx)
                                                   ^
src/content/handlers/text/textplain.c:1187:24: style: Variable 'text' can be declared as pointer to const [constVariablePointer]
    textplain_content *text = (textplain_content *)c;
                       ^
src/content/handlers/text/textplain.c:1207:28: style: Variable 'line' can be declared as pointer to const [constVariablePointer]
    struct textplain_line *line;
                           ^
src/content/handlers/text/textplain.c:1234:28: style: Variable 'line' can be declared as pointer to const [constVariablePointer]
    struct textplain_line *line;
                           ^
src/content/handlers/text/textplain.c:1378:24: style: Variable 'text' can be declared as pointer to const [constVariablePointer]
    textplain_content *text = (textplain_content *)c;
                       ^
src/content/handlers/text/textplain.c:1457:24: style: Variable 'text' can be declared as pointer to const [constVariablePointer]
    textplain_content *text = (textplain_content *)c;
                       ^
src/content/hlcache.c:33:0: information: Include file: "utils/http.h" not found. [missingInclude]
#include "utils/http.h"
^
src/content/hlcache.c:34:0: information: Include file: "utils/ring.h" not found. [missingInclude]
#include "utils/ring.h"
^
src/content/hlcache.c:35:0: information: Include file: "wisp/content.h" not found. [missingInclude]
#include "wisp/content.h"
^
src/content/hlcache.c:36:0: information: Include file: "wisp/misc.h" not found. [missingInclude]
#include "wisp/misc.h"
^
src/content/hlcache.c:42:0: information: Include file: "content/mimesniff.h" not found. [missingInclude]
#include "content/mimesniff.h"
^
src/content/hlcache.c:46:0: information: Include file: "content/content_factory.h" not found. [missingInclude]
#include "content/content_factory.h"
^
src/content/hlcache.c:116:33: style: Parameter 'force_clean_flag' can be declared as pointer to const. However it seems that 'hlcache_clean' is a callback function, if 'force_clean_flag' is declared with const you might also need to cast function pointer(s). [constParameterCallback]
static void hlcache_clean(void *force_clean_flag)
                                ^
src/content/hlcache.c:650:30: note: You might need to cast the function pointer here
    guit->misc->schedule(-1, hlcache_clean, NULL);
                             ^
src/content/hlcache.c:116:33: note: Parameter 'force_clean_flag' can be declared as pointer to const
static void hlcache_clean(void *force_clean_flag)
                                ^
src/content/hlcache.c:1109:66: style: Parameter 'child' can be declared as pointer to const [constParameterPointer]
    hlcache_handle_callback cb, void *pw, hlcache_child_context *child, content_type accepted_types,
                                                                 ^
src/content/llcache.c:49:0: information: Include file: "utils/http.h" not found. [missingInclude]
#include "utils/http.h"
^
src/content/llcache.c:50:0: information: Include file: "utils/time.h" not found. [missingInclude]
#include "utils/time.h"
^
src/content/llcache.c:52:0: information: Include file: "wisp/misc.h" not found. [missingInclude]
#include "wisp/misc.h"
^
src/content/llcache.c:56:0: information: Include file: "content/urldb.h" not found. [missingInclude]
#include "content/urldb.h"
^
src/content/llcache.c:2763:14: style: The scope of the variable 'total_bandwidth' can be reduced. [variableScope]
    uint64_t total_bandwidth; /* total bandwidth */
             ^
src/content/llcache.c:3541:9: style: The scope of the variable 'remaining_lifetime' can be reduced. [variableScope]
    int remaining_lifetime;
        ^
src/content/llcache.c:606:81: style: Parameter 'name' can be declared as pointer to const [constParameterPointer]
static nserror llcache_fetch_header_cache_control(llcache_object *object, char *name, char *value)
                                                                                ^
src/content/llcache.c:3428:29: style: Variable 'oh' can be declared as pointer to const [constVariablePointer]
            llcache_header *oh = &(object->headers[newobj->num_headers]);
                            ^
src/content/llcache.c:3931:26: style: Variable 'user' can be declared as pointer to const [constVariablePointer]
    llcache_object_user *user = llcache_object_find_user(handle);
                         ^
src/content/mimesniff.c:31:0: information: Include file: "utils/http.h" not found. [missingInclude]
#include "utils/http.h"
^
src/content/mimesniff.c:33:0: information: Include file: "content/content_factory.h" not found. [missingInclude]
#include "content/content_factory.h"
^
src/content/mimesniff.c:34:0: information: Include file: "content/mimesniff.h" not found. [missingInclude]
#include "content/mimesniff.h"
^
src/content/textsearch.c:34:0: information: Include file: "desktop/selection.h" not found. [missingInclude]
#include "desktop/selection.h"
^
src/content/textsearch.c:39:0: information: Include file: "content/textsearch.h" not found. [missingInclude]
#include "content/textsearch.h"
^
src/content/textsearch.c:572:66: style: Parameter 'textsearch' can be declared as pointer to const [constParameterPointer]
bool content_textsearch_ishighlighted(struct textsearch_context *textsearch, unsigned start_offset, unsigned end_offset,
                                                                 ^
src/content/textsearch.c:388:10: style: Variable 'type' is assigned a value that is never used. [unreadVariable]
    type = c->handler->type();
         ^
src/content/urldb.c:107:0: information: Include file: "utils/bloom.h" not found. [missingInclude]
#include "utils/bloom.h"
^
src/content/urldb.c:108:0: information: Include file: "utils/http.h" not found. [missingInclude]
#include "utils/http.h"
^
src/content/urldb.c:109:0: information: Include file: "utils/time.h" not found. [missingInclude]
#include "utils/time.h"
^
src/content/urldb.c:110:0: information: Include file: "utils/url.h" not found. [missingInclude]
#include "utils/url.h"
^
src/content/urldb.c:111:0: information: Include file: "wisp/bitmap.h" not found. [missingInclude]
#include "wisp/bitmap.h"
^
src/content/urldb.c:114:0: information: Include file: "content/urldb.h" not found. [missingInclude]
#include "content/urldb.h"
^
src/content/urldb.c:2830:23: style: Redundant condition: The condition '*p' is redundant since '*p == ' '' is sufficient. [redundantCondition]
            while (*p && *p == ' ') {
                      ^
src/content/urldb.c:2837:23: style: Redundant condition: The condition '*p' is redundant since '*p == ' '' is sufficient. [redundantCondition]
            while (*p && *p == ' ')
                      ^
src/content/urldb.c:4361:19: style: Redundant condition: The condition '*p' is redundant since '*p == '\t'' is sufficient. [redundantCondition]
        for (; *p && *p == '\t'; p++)
                  ^
src/content/urldb.c:719:15: style: The scope of the variable 'ret' can be reduced. [variableScope]
    int plen, ret;
              ^
src/content/urldb.c:1141:9: style: The scope of the variable 'plen' can be reduced. [variableScope]
    int plen, ret;
        ^
src/content/urldb.c:1141:15: style: The scope of the variable 'ret' can be reduced. [variableScope]
    int plen, ret;
              ^
src/content/urldb.c:1479:9: style: The scope of the variable 'ret' can be reduced. [variableScope]
    int ret;
        ^
src/content/urldb.c:449:21: style: Local variable 'seglen' shadows outer variable [shadowVariable]
                int seglen = p->segment != NULL ? strlen(p->segment) : 0;
                    ^
src/content/urldb.c:355:13: note: Shadowed declaration
        int seglen = p->segment != NULL ? strlen(p->segment) : 0;
            ^
src/content/urldb.c:449:21: note: Shadow variable
                int seglen = p->segment != NULL ? strlen(p->segment) : 0;
                    ^
src/content/urldb.c:521:22: style: Variable 'end' can be declared as pointer to const [constVariablePointer]
    char *path, *p, *end;
                     ^
src/content/urldb.c:3122:23: style: Variable 'h' can be declared as pointer to const [constVariablePointer]
    struct host_part *h;
                      ^
src/content/urldb.c:3123:23: style: Variable 'p' can be declared as pointer to const [constVariablePointer]
    struct path_data *p;
                      ^
src/content/urldb.c:3287:31: style: Variable 'u' can be declared as pointer to const [constVariablePointer]
    struct url_internal_data *u;
                              ^
src/content/urldb.c:3304:23: style: Variable 'p' can be declared as pointer to const [constVariablePointer]
    struct path_data *p;
                      ^
src/content/urldb.c:3380:35: style: Variable 'p_top' can be declared as pointer to const [constVariablePointer]
    struct path_data *p, *p_cur, *p_top;
                                  ^
src/content/urldb.c:4261:23: style: Variable 'end' can be declared as pointer to const [constVariablePointer]
        char *p = s, *end = 0, *domain, *path, *name, *value, *scheme, *url, *comment;
                      ^
src/content/urldb.c:4261:33: style: Variable 'domain' can be declared as pointer to const [constVariablePointer]
        char *p = s, *end = 0, *domain, *path, *name, *value, *scheme, *url, *comment;
                                ^
src/content/urldb.c:4261:42: style: Variable 'path' can be declared as pointer to const [constVariablePointer]
        char *p = s, *end = 0, *domain, *path, *name, *value, *scheme, *url, *comment;
                                         ^
src/content/urldb.c:4261:49: style: Variable 'name' can be declared as pointer to const [constVariablePointer]
        char *p = s, *end = 0, *domain, *path, *name, *value, *scheme, *url, *comment;
                                                ^
src/content/urldb.c:4261:56: style: Variable 'value' can be declared as pointer to const [constVariablePointer]
        char *p = s, *end = 0, *domain, *path, *name, *value, *scheme, *url, *comment;
                                                       ^
src/content/urldb.c:4261:64: style: Variable 'scheme' can be declared as pointer to const [constVariablePointer]
        char *p = s, *end = 0, *domain, *path, *name, *value, *scheme, *url, *comment;
                                                               ^
src/content/urldb.c:4261:79: style: Variable 'comment' can be declared as pointer to const [constVariablePointer]
        char *p = s, *end = 0, *domain, *path, *name, *value, *scheme, *url, *comment;
                                                                              ^
src/content/urldb.c:657:17: style: Unused variable: sane_host [unusedVariable]
    const char *sane_host;
                ^
src/content/urldb.c:658:17: style: Unused variable: slash [unusedVariable]
    const char *slash;
                ^
src/content/content.c:488:0: style: The function 'content_exec' is never used. [unusedFunction]
bool content_exec(struct hlcache_handle *h, const char *src, size_t srclen)
^
src/content/content.c:578:0: style: The function 'content_scaled_redraw' is never used. [unusedFunction]
bool content_scaled_redraw(struct hlcache_handle *h, int width, int height, const struct redraw_context *ctx)
^
src/content/content.c:913:0: style: The function 'content_debug_dump' is never used. [unusedFunction]
nserror content_debug_dump(struct hlcache_handle *h, FILE *f, enum content_debug op)
^
src/content/content.c:927:0: style: The function 'content_debug' is never used. [unusedFunction]
nserror content_debug(struct hlcache_handle *h, enum content_debug op)
^
src/content/content.c:944:0: style: The function 'content_find_rfc5988_link' is never used. [unusedFunction]
struct content_rfc5988_link *content_find_rfc5988_link(hlcache_handle *h, lwc_string *rel)
^
src/content/content.c:1096:0: style: The function 'content_get_title' is never used. [unusedFunction]
const char *content_get_title(hlcache_handle *h)
^
src/content/content.c:1130:0: style: The function 'content_get_status_message' is never used. [unusedFunction]
const char *content_get_status_message(hlcache_handle *h)
^
src/content/content.c:1272:0: style: The function 'content_get_bitmap' is never used. [unusedFunction]
struct bitmap *content_get_bitmap(hlcache_handle *h)
^
src/content/content.c:1311:0: style: The function 'content_get_quirks' is never used. [unusedFunction]
bool content_get_quirks(hlcache_handle *h)
^
src/content/content.c:1323:0: style: The function 'content_get_encoding' is never used. [unusedFunction]
const char *content_get_encoding(hlcache_handle *h, enum content_encoding_type op)
^
src/content/content.c:1343:0: style: The function 'content_is_locked' is never used. [unusedFunction]
bool content_is_locked(hlcache_handle *h)
^
src/content/content.c:1460:0: style: The function 'content_is_selectable' is never used. [unusedFunction]
bool content_is_selectable(struct hlcache_handle *h)
^
src/content/content.c:1470:0: style: The function 'content_inc_bg_tasks' is never used. [unusedFunction]
void content_inc_bg_tasks(struct hlcache_handle *h)
^
src/content/content.c:1479:0: style: The function 'content_dec_bg_tasks' is never used. [unusedFunction]
void content_dec_bg_tasks(struct hlcache_handle *h)
^
src/content/content.c:1498:0: style: The function 'content_is_searchable' is never used. [unusedFunction]
bool content_is_searchable(struct hlcache_handle *h)
^
src/content/content_factory.c:53:0: style: The function 'content_factory_fini' is never used. [unusedFunction]
void content_factory_fini(void)
^
src/content/fetch.c:146:0: style: The function 'fetch_poll_all' is never used. [unusedFunction]
void fetch_poll_all(void)
^
src/content/fetch.c:270:0: style: The function 'fetcher_init' is never used. [unusedFunction]
nserror fetcher_init(void)
^
src/content/fetch.c:310:0: style: The function 'fetcher_quit' is never used. [unusedFunction]
void fetcher_quit(void)
^
src/content/fetch.c:369:0: style: The function 'fetch_fdset' is never used. [unusedFunction]
nserror fetch_fdset(fd_set *read_fd_set, fd_set *write_fd_set, fd_set *except_fd_set, int *maxfd_out)
^
src/content/fetch.c:641:0: style: The function 'fetch_multipart_data_find' is never used. [unusedFunction]
const char *fetch_multipart_data_find(const struct fetch_multipart_data *list, const char *name)
^
src/content/fetch.c:822:0: style: The function 'fetch_pipeline_start' is never used. [unusedFunction]
nserror fetch_pipeline_start(struct fetch_request *req, fetch_pipeline_callback callback, void *p, struct fetch **f_out)
^
src/content/fetchers/curl.c:2020:0: style: The function 'fetch_curl_register' is never used. [unusedFunction]
nserror fetch_curl_register(void)
^
src/content/fetchers/curl.c:2264:0: style: The function 'fetch_curl_dns_prefetch' is never used. [unusedFunction]
void fetch_curl_dns_prefetch(const char *host) {
^
src/content/fetchers/curl.c:2317:0: style: The function 'fetch_curl_preconnect' is never used. [unusedFunction]
void fetch_curl_preconnect(const char *url_str) {
^
src/content/fetchers/file/dirlist.c:99:0: style: The function 'dirlist_generate_hide_columns' is never used. [unusedFunction]
bool dirlist_generate_hide_columns(int flags, char *buffer, int buffer_length)
^
src/content/handlers/css/css.c:448:0: style: The function 'nscss_get_imports' is never used. [unusedFunction]
struct nscss_import *nscss_get_imports(hlcache_handle *h, uint32_t *n)
^
src/content/handlers/css/css.c:866:0: style: The function 'nscss_init' is never used. [unusedFunction]
nserror nscss_init(void)
^
src/content/handlers/html/box_manipulate.c:231:0: style: The function 'box_insert_sibling' is never used. [unusedFunction]
void box_insert_sibling(struct box *box, struct box *new_box)
^
src/content/handlers/html/box_manipulate.c:245:0: style: The function 'box_unlink_and_free' is never used. [unusedFunction]
void box_unlink_and_free(struct box *box)
^
src/content/handlers/html/css.c:513:0: style: The function 'html_get_stylesheets' is never used. [unusedFunction]
struct html_stylesheet *html_get_stylesheets(hlcache_handle *h, unsigned int *n)
^
src/content/handlers/html/font_face.c:458:0: style: The function 'html_font_face_is_available' is never used. [unusedFunction]
bool html_font_face_is_available(const char *family_name)
^
src/content/handlers/html/font_face.c:473:0: style: The function 'html_font_face_set_done_callback' is never used. [unusedFunction]
void html_font_face_set_done_callback(html_font_face_done_cb cb)
^
src/content/handlers/html/form.c:1609:0: style: The function 'form_select_process_selection' is never used. [unusedFunction]
nserror form_select_process_selection(struct form_control *control, int item)
^
src/content/handlers/html/form.c:1618:0: style: The function 'form_select_get_option' is never used. [unusedFunction]
struct form_option *form_select_get_option(struct form_control *control, int item)
^
src/content/handlers/html/form.c:1632:0: style: The function 'form_control_get_name' is never used. [unusedFunction]
char *form_control_get_name(struct form_control *control)
^
src/content/handlers/html/form.c:1639:0: style: The function 'form_control_bounding_rect' is never used. [unusedFunction]
nserror form_control_bounding_rect(struct form_control *control, struct rect *r)
^
src/content/handlers/html/html.c:1434:0: style: The function 'html_redraw_a_box' is never used. [unusedFunction]
void html_redraw_a_box(hlcache_handle *h, struct box *box)
^
src/content/handlers/html/html.c:2036:0: style: The function 'html_set_file_gadget_filename' is never used. [unusedFunction]
void html_set_file_gadget_filename(struct hlcache_handle *hl, struct form_control *gadget, const char *fn)
^
src/content/handlers/html/html.c:2310:0: style: The function 'html_get_document' is never used. [unusedFunction]
dom_document *html_get_document(hlcache_handle *h)
^
src/content/handlers/html/html.c:2366:0: style: The function 'html_get_frameset' is never used. [unusedFunction]
struct content_html_frames *html_get_frameset(hlcache_handle *h)
^
src/content/handlers/html/html.c:2381:0: style: The function 'html_get_iframe' is never used. [unusedFunction]
struct content_html_iframe *html_get_iframe(hlcache_handle *h)
^
src/content/handlers/html/html.c:2396:0: style: The function 'html_get_base_url' is never used. [unusedFunction]
nsurl *html_get_base_url(hlcache_handle *h)
^
src/content/handlers/html/html.c:2411:0: style: The function 'html_get_base_target' is never used. [unusedFunction]
const char *html_get_base_target(hlcache_handle *h)
^
src/content/handlers/html/html.c:2430:0: style: The function 'html_get_id_offset' is never used. [unusedFunction]
bool html_get_id_offset(hlcache_handle *h, lwc_string *frag_id, int *x, int *y)
^
src/content/handlers/html/html.c:2714:0: style: The function 'html_init' is never used. [unusedFunction]
nserror html_init(void)
^
src/content/handlers/html/html_svg.c:387:0: style: The function 'svg_buffer_append_lower' is never used. [unusedFunction]
static nserror svg_buffer_append_lower(char **buf, size_t *len, size_t *cap, const char *str, size_t str_len)
^
src/content/handlers/html/imagemap.c:227:0: style: The function 'imagemap_dump' is never used. [unusedFunction]
void imagemap_dump(html_content *c)
^
src/content/handlers/html/object.c:65:0: style: The function 'html_get_objects' is never used. [unusedFunction]
struct content_html_object *html_get_objects(hlcache_handle *h, unsigned int *n)
^
src/content/handlers/html/stacking.c:77:0: style: The function 'stacking_compare_z_index' is never used. [unusedFunction]
int stacking_compare_z_index(const void *a, const void *b)
^
src/content/handlers/image/image.c:50:0: style: The function 'image_init' is never used. [unusedFunction]
nserror image_init(void)
^
src/content/handlers/image/image_cache.c:505:0: style: The function 'image_cache_find_bitmap' is never used. [unusedFunction]
struct bitmap *image_cache_find_bitmap(struct content *c)
^
src/content/handlers/image/image_cache.c:518:0: style: The function 'image_cache_init' is never used. [unusedFunction]
nserror image_cache_init(const struct image_cache_parameters *image_cache_parameters)
^
src/content/handlers/image/image_cache.c:538:0: style: The function 'image_cache_fini' is never used. [unusedFunction]
nserror image_cache_fini(void)
^
src/content/handlers/image/image_cache.c:595:0: style: The function 'image_cache_purge_bitmaps' is never used. [unusedFunction]
void image_cache_purge_bitmaps(void)
^
src/content/handlers/image/image_cache.c:664:0: style: The function 'image_cache_remove' is never used. [unusedFunction]
nserror image_cache_remove(struct content *content)
^
src/content/handlers/image/image_cache.c:945:0: style: The function 'image_cache_invalidate_bitmaps' is never used. [unusedFunction]
void image_cache_invalidate_bitmaps(void)
^
src/content/handlers/image/svg.c:732:0: style: The function 'svg_redraw_diagram' is never used. [unusedFunction]
bool svg_redraw_diagram(struct svgtiny_diagram *diagram, int x, int y, int width, int height, const struct rect *clip,
^
src/content/handlers/image/video.c:474:0: style: The function 'nsvideo_play' is never used. [unusedFunction]
void nsvideo_play(struct content *c) {
^
src/content/handlers/image/video.c:480:0: style: The function 'nsvideo_pause' is never used. [unusedFunction]
void nsvideo_pause(struct content *c) {
^
src/content/handlers/image/video.c:485:0: style: The function 'nsvideo_seek_to' is never used. [unusedFunction]
void nsvideo_seek_to(struct content *c, double time) {
^
src/content/handlers/image/video.c:491:0: style: The function 'nsvideo_set_volume' is never used. [unusedFunction]
void nsvideo_set_volume(struct content *c, float volume) {
^
src/content/handlers/image/video.c:496:0: style: The function 'nsvideo_get_duration' is never used. [unusedFunction]
double nsvideo_get_duration(struct content *c) {
^
src/content/handlers/image/video.c:503:0: style: The function 'nsvideo_get_time' is never used. [unusedFunction]
double nsvideo_get_time(struct content *c) {
^
src/content/handlers/image/video.c:508:0: style: The function 'nsvideo_is_paused' is never used. [unusedFunction]
bool nsvideo_is_paused(struct content *c) {
^
src/content/handlers/javascript/quickjs/dom_bridge.c:109:0: style: The function 'qjs_bridge_remove_node' is never used. [unusedFunction]
void qjs_bridge_remove_node(JSRuntime *rt, struct dom_node *node, JSContext *ctx)
^
src/content/handlers/javascript/quickjs/impl/attr_impl.c:12:0: style: The function 'wisp_attr_name_get_impl' is never used. [unusedFunction]
JSValue wisp_attr_name_get_impl(JSContext *ctx, QJSNodePrivate *priv)
^
src/content/handlers/javascript/quickjs/impl/attr_impl.c:45:0: style: The function 'wisp_attr_specified_get_impl' is never used. [unusedFunction]
JSValue wisp_attr_specified_get_impl(JSContext *ctx, QJSNodePrivate *priv)
^
src/content/handlers/javascript/quickjs/impl/attr_impl.c:53:0: style: The function 'wisp_attr_ownerElement_get_impl' is never used. [unusedFunction]
JSValue wisp_attr_ownerElement_get_impl(JSContext *ctx, QJSNodePrivate *priv)
^
src/content/handlers/javascript/quickjs/impl/attr_impl.c:66:0: style: The function 'wisp_attr_localName_get_impl' is never used. [unusedFunction]
JSValue wisp_attr_localName_get_impl(JSContext *ctx, QJSNodePrivate *priv) { return JS_NULL; }
^
src/content/handlers/javascript/quickjs/impl/attr_impl.c:67:0: style: The function 'wisp_attr_namespaceURI_get_impl' is never used. [unusedFunction]
JSValue wisp_attr_namespaceURI_get_impl(JSContext *ctx, QJSNodePrivate *priv) { return JS_NULL; }
^
src/content/handlers/javascript/quickjs/impl/attr_impl.c:68:0: style: The function 'wisp_attr_prefix_get_impl' is never used. [unusedFunction]
JSValue wisp_attr_prefix_get_impl(JSContext *ctx, QJSNodePrivate *priv) { return JS_NULL; }
^
src/content/handlers/javascript/quickjs/impl/attr_impl.c:69:0: style: The function 'wisp_attr_nodeValue_get_impl' is never used. [unusedFunction]
JSValue wisp_attr_nodeValue_get_impl(JSContext *ctx, QJSNodePrivate *priv) { return wisp_attr_value_get_impl(ctx, priv); }
^
src/content/handlers/javascript/quickjs/impl/attr_impl.c:70:0: style: The function 'wisp_attr_nodeValue_set_impl' is never used. [unusedFunction]
JSValue wisp_attr_nodeValue_set_impl(JSContext *ctx, QJSNodePrivate *priv, const char * value) { return wisp_attr_value_set_impl(ctx, priv, value); }
^
src/content/handlers/javascript/quickjs/impl/attr_impl.c:71:0: style: The function 'wisp_attr_textContent_get_impl' is never used. [unusedFunction]
JSValue wisp_attr_textContent_get_impl(JSContext *ctx, QJSNodePrivate *priv) { return wisp_attr_value_get_impl(ctx, priv); }
^
src/content/handlers/javascript/quickjs/impl/attr_impl.c:72:0: style: The function 'wisp_attr_textContent_set_impl' is never used. [unusedFunction]
JSValue wisp_attr_textContent_set_impl(JSContext *ctx, QJSNodePrivate *priv, const char * value) { return wisp_attr_value_set_impl(ctx, priv, value); }
^
src/content/handlers/javascript/quickjs/impl/attr_impl.c:74:0: style: The function 'qjs_init_attr' is never used. [unusedFunction]
int qjs_init_attr(JSContext *ctx)
^
src/content/handlers/javascript/quickjs/impl/canvas_impl.c:134:0: style: The function 'wisp_htmlcanvaselement_getContext_impl' is never used. [unusedFunction]
JSValue wisp_htmlcanvaselement_getContext_impl(JSContext *ctx, QJSNodePrivate *priv, const char * contextId, JSValue arguments)
^
src/content/handlers/javascript/quickjs/impl/canvas_impl.c:200:0: style: The function 'wisp_htmlcanvaselement_width_get_impl' is never used. [unusedFunction]
JSValue wisp_htmlcanvaselement_width_get_impl(JSContext *ctx, QJSNodePrivate *priv)
^
src/content/handlers/javascript/quickjs/impl/canvas_impl.c:210:0: style: The function 'wisp_htmlcanvaselement_width_set_impl' is never used. [unusedFunction]
JSValue wisp_htmlcanvaselement_width_set_impl(JSContext *ctx, QJSNodePrivate *priv, uint32_t value)
^
src/content/handlers/javascript/quickjs/impl/canvas_impl.c:220:0: style: The function 'wisp_htmlcanvaselement_height_get_impl' is never used. [unusedFunction]
JSValue wisp_htmlcanvaselement_height_get_impl(JSContext *ctx, QJSNodePrivate *priv)
^
src/content/handlers/javascript/quickjs/impl/canvas_impl.c:230:0: style: The function 'wisp_htmlcanvaselement_height_set_impl' is never used. [unusedFunction]
JSValue wisp_htmlcanvaselement_height_set_impl(JSContext *ctx, QJSNodePrivate *priv, uint32_t value)
^
src/content/handlers/javascript/quickjs/impl/canvas_impl.c:240:0: style: The function 'wisp_canvasrenderingcontext2d_fillStyle_get_impl' is never used. [unusedFunction]
JSValue wisp_canvasrenderingcontext2d_fillStyle_get_impl(JSContext *ctx, QJSNodePrivate *priv)
^
src/content/handlers/javascript/quickjs/impl/canvas_impl.c:249:0: style: The function 'wisp_canvasrenderingcontext2d_fillStyle_set_impl' is never used. [unusedFunction]
JSValue wisp_canvasrenderingcontext2d_fillStyle_set_impl(JSContext *ctx, QJSNodePrivate *priv, JSValue value)
^
src/content/handlers/javascript/quickjs/impl/canvas_impl.c:258:0: style: The function 'wisp_canvasrenderingcontext2d_strokeStyle_get_impl' is never used. [unusedFunction]
JSValue wisp_canvasrenderingcontext2d_strokeStyle_get_impl(JSContext *ctx, QJSNodePrivate *priv)
^
src/content/handlers/javascript/quickjs/impl/canvas_impl.c:267:0: style: The function 'wisp_canvasrenderingcontext2d_strokeStyle_set_impl' is never used. [unusedFunction]
JSValue wisp_canvasrenderingcontext2d_strokeStyle_set_impl(JSContext *ctx, QJSNodePrivate *priv, JSValue value)
^
src/content/handlers/javascript/quickjs/impl/canvas_impl.c:276:0: style: The function 'wisp_canvasrenderingcontext2d_lineWidth_get_impl' is never used. [unusedFunction]
JSValue wisp_canvasrenderingcontext2d_lineWidth_get_impl(JSContext *ctx, QJSNodePrivate *priv)
^
src/content/handlers/javascript/quickjs/impl/canvas_impl.c:282:0: style: The function 'wisp_canvasrenderingcontext2d_lineWidth_set_impl' is never used. [unusedFunction]
JSValue wisp_canvasrenderingcontext2d_lineWidth_set_impl(JSContext *ctx, QJSNodePrivate *priv, double value)
^
src/content/handlers/javascript/quickjs/impl/canvas_impl.c:289:0: style: The function 'wisp_canvasrenderingcontext2d_globalAlpha_get_impl' is never used. [unusedFunction]
JSValue wisp_canvasrenderingcontext2d_globalAlpha_get_impl(JSContext *ctx, QJSNodePrivate *priv)
^
src/content/handlers/javascript/quickjs/impl/canvas_impl.c:295:0: style: The function 'wisp_canvasrenderingcontext2d_globalAlpha_set_impl' is never used. [unusedFunction]
JSValue wisp_canvasrenderingcontext2d_globalAlpha_set_impl(JSContext *ctx, QJSNodePrivate *priv, double value)
^
src/content/handlers/javascript/quickjs/impl/canvas_impl.c:302:0: style: The function 'wisp_canvasrenderingcontext2d_save_impl' is never used. [unusedFunction]
JSValue wisp_canvasrenderingcontext2d_save_impl(JSContext *ctx, QJSNodePrivate *priv)
^
src/content/handlers/javascript/quickjs/impl/canvas_impl.c:317:0: style: The function 'wisp_canvasrenderingcontext2d_restore_impl' is never used. [unusedFunction]
JSValue wisp_canvasrenderingcontext2d_restore_impl(JSContext *ctx, QJSNodePrivate *priv)
^
src/content/handlers/javascript/quickjs/impl/canvas_impl.c:342:0: style: The function 'wisp_canvasrenderingcontext2d_strokeRect_impl' is never used. [unusedFunction]
JSValue wisp_canvasrenderingcontext2d_strokeRect_impl(JSContext *ctx, QJSNodePrivate *priv, double x, double y, double w, double h)
^
src/content/handlers/javascript/quickjs/impl/canvas_impl.c:355:0: style: The function 'wisp_canvasrenderingcontext2d_clearRect_impl' is never used. [unusedFunction]
JSValue wisp_canvasrenderingcontext2d_clearRect_impl(JSContext *ctx, QJSNodePrivate *priv, double x, double y, double w, double h)
^
src/content/handlers/javascript/quickjs/impl/canvas_impl.c:369:0: style: The function 'wisp_canvasrenderingcontext2d_beginPath_impl' is never used. [unusedFunction]
JSValue wisp_canvasrenderingcontext2d_beginPath_impl(JSContext *ctx, QJSNodePrivate *priv)
^
src/content/handlers/javascript/quickjs/impl/canvas_impl.c:380:0: style: The function 'wisp_canvasrenderingcontext2d_moveTo_impl' is never used. [unusedFunction]
JSValue wisp_canvasrenderingcontext2d_moveTo_impl(JSContext *ctx, QJSNodePrivate *priv, double x, double y)
^
src/content/handlers/javascript/quickjs/impl/canvas_impl.c:391:0: style: The function 'wisp_canvasrenderingcontext2d_lineTo_impl' is never used. [unusedFunction]
JSValue wisp_canvasrenderingcontext2d_lineTo_impl(JSContext *ctx, QJSNodePrivate *priv, double x, double y)
^
src/content/handlers/javascript/quickjs/impl/canvas_impl.c:402:0: style: The function 'wisp_canvasrenderingcontext2d_closePath_impl' is never used. [unusedFunction]
JSValue wisp_canvasrenderingcontext2d_closePath_impl(JSContext *ctx, QJSNodePrivate *priv)
^
src/content/handlers/javascript/quickjs/impl/canvas_impl.c:413:0: style: The function 'wisp_canvasrenderingcontext2d_fill_0_impl' is never used. [unusedFunction]
JSValue wisp_canvasrenderingcontext2d_fill_0_impl(JSContext *ctx, QJSNodePrivate *priv, JSValue fillRule)
^
src/content/handlers/javascript/quickjs/impl/canvas_impl.c:425:0: style: The function 'wisp_canvasrenderingcontext2d_fill_1_impl' is never used. [unusedFunction]
JSValue wisp_canvasrenderingcontext2d_fill_1_impl(JSContext *ctx, QJSNodePrivate *priv, void * path, JSValue fillRule) { return JS_UNDEFINED; }
^
src/content/handlers/javascript/quickjs/impl/canvas_impl.c:427:0: style: The function 'wisp_canvasrenderingcontext2d_stroke_0_impl' is never used. [unusedFunction]
JSValue wisp_canvasrenderingcontext2d_stroke_0_impl(JSContext *ctx, QJSNodePrivate *priv)
^
src/content/handlers/javascript/quickjs/impl/canvas_impl.c:440:0: style: The function 'wisp_canvasrenderingcontext2d_stroke_1_impl' is never used. [unusedFunction]
JSValue wisp_canvasrenderingcontext2d_stroke_1_impl(JSContext *ctx, QJSNodePrivate *priv, void * path) { return JS_UNDEFINED; }
^
src/content/handlers/javascript/quickjs/impl/canvas_impl.c:442:0: style: The function 'wisp_canvasrenderingcontext2d_arc_impl' is never used. [unusedFunction]
JSValue wisp_canvasrenderingcontext2d_arc_impl(JSContext *ctx, QJSNodePrivate *priv, double x, double y, double radius, double startAngle, double endAngle, bool anticlockwise)
^
src/content/handlers/javascript/quickjs/impl/canvas_impl.c:469:0: style: The function 'wisp_canvasrenderingcontext2d_translate_impl' is never used. [unusedFunction]
JSValue wisp_canvasrenderingcontext2d_translate_impl(JSContext *ctx, QJSNodePrivate *priv, double x, double y)
^
src/content/handlers/javascript/quickjs/impl/canvas_impl.c:480:0: style: The function 'wisp_canvasrenderingcontext2d_scale_impl' is never used. [unusedFunction]
JSValue wisp_canvasrenderingcontext2d_scale_impl(JSContext *ctx, QJSNodePrivate *priv, double x, double y)
^
src/content/handlers/javascript/quickjs/impl/canvas_impl.c:491:0: style: The function 'wisp_canvasrenderingcontext2d_rotate_impl' is never used. [unusedFunction]
JSValue wisp_canvasrenderingcontext2d_rotate_impl(JSContext *ctx, QJSNodePrivate *priv, double angle)
^
src/content/handlers/javascript/quickjs/impl/canvas_impl.c:502:0: style: The function 'wisp_canvasrenderingcontext2d_transform_impl' is never used. [unusedFunction]
JSValue wisp_canvasrenderingcontext2d_transform_impl(JSContext *ctx, QJSNodePrivate *priv, double a, double b, double c, double d, double e, double f)
^
src/content/handlers/javascript/quickjs/impl/canvas_impl.c:513:0: style: The function 'wisp_canvasrenderingcontext2d_setTransform_impl' is never used. [unusedFunction]
JSValue wisp_canvasrenderingcontext2d_setTransform_impl(JSContext *ctx, QJSNodePrivate *priv, double a, double b, double c, double d, double e, double f)
^
src/content/handlers/javascript/quickjs/impl/canvas_impl.c:524:0: style: The function 'wisp_canvasrenderingcontext2d_resetTransform_impl' is never used. [unusedFunction]
JSValue wisp_canvasrenderingcontext2d_resetTransform_impl(JSContext *ctx, QJSNodePrivate *priv)
^
src/content/handlers/javascript/quickjs/impl/canvas_impl.c:564:0: style: The function 'wisp_canvasrenderingcontext2d_drawImage_0_impl' is never used. [unusedFunction]
JSValue wisp_canvasrenderingcontext2d_drawImage_0_impl(JSContext *ctx, QJSNodePrivate *priv, JSValue image, double dx, double dy)
^
src/content/handlers/javascript/quickjs/impl/canvas_impl.c:567:0: style: The function 'wisp_canvasrenderingcontext2d_drawImage_1_impl' is never used. [unusedFunction]
JSValue wisp_canvasrenderingcontext2d_drawImage_1_impl(JSContext *ctx, QJSNodePrivate *priv, JSValue image, double dx, double dy, double dw, double dh)
^
src/content/handlers/javascript/quickjs/impl/canvas_impl.c:570:0: style: The function 'wisp_canvasrenderingcontext2d_drawImage_2_impl' is never used. [unusedFunction]
JSValue wisp_canvasrenderingcontext2d_drawImage_2_impl(JSContext *ctx, QJSNodePrivate *priv, JSValue image, double sx, double sy, double sw, double sh, double dx, double dy, double dw, double dh)
^
src/content/handlers/javascript/quickjs/impl/canvas_impl.c:573:0: style: The function 'wisp_canvasrenderingcontext2d_canvas_get_impl' is never used. [unusedFunction]
JSValue wisp_canvasrenderingcontext2d_canvas_get_impl(JSContext *ctx, QJSNodePrivate *priv)
^
src/content/handlers/javascript/quickjs/impl/canvas_impl.c:580:0: style: The function 'wisp_canvasrenderingcontext2d_lineCap_get_impl' is never used. [unusedFunction]
JSValue wisp_canvasrenderingcontext2d_lineCap_get_impl(JSContext *ctx, QJSNodePrivate *priv) { return JS_NewString(ctx, "butt"); }
^
src/content/handlers/javascript/quickjs/impl/canvas_impl.c:581:0: style: The function 'wisp_canvasrenderingcontext2d_lineCap_set_impl' is never used. [unusedFunction]
JSValue wisp_canvasrenderingcontext2d_lineCap_set_impl(JSContext *ctx, QJSNodePrivate *priv, const char * value) { return JS_UNDEFINED; }
^
src/content/handlers/javascript/quickjs/impl/canvas_impl.c:582:0: style: The function 'wisp_canvasrenderingcontext2d_lineJoin_get_impl' is never used. [unusedFunction]
JSValue wisp_canvasrenderingcontext2d_lineJoin_get_impl(JSContext *ctx, QJSNodePrivate *priv) { return JS_NewString(ctx, "miter"); }
^
src/content/handlers/javascript/quickjs/impl/canvas_impl.c:583:0: style: The function 'wisp_canvasrenderingcontext2d_lineJoin_set_impl' is never used. [unusedFunction]
JSValue wisp_canvasrenderingcontext2d_lineJoin_set_impl(JSContext *ctx, QJSNodePrivate *priv, const char * value) { return JS_UNDEFINED; }
^
src/content/handlers/javascript/quickjs/impl/canvas_impl.c:584:0: style: The function 'wisp_canvasrenderingcontext2d_miterLimit_get_impl' is never used. [unusedFunction]
JSValue wisp_canvasrenderingcontext2d_miterLimit_get_impl(JSContext *ctx, QJSNodePrivate *priv) { return JS_NewFloat64(ctx, 10.0); }
^
src/content/handlers/javascript/quickjs/impl/canvas_impl.c:585:0: style: The function 'wisp_canvasrenderingcontext2d_miterLimit_set_impl' is never used. [unusedFunction]
JSValue wisp_canvasrenderingcontext2d_miterLimit_set_impl(JSContext *ctx, QJSNodePrivate *priv, double value) { return JS_UNDEFINED; }
^
src/content/handlers/javascript/quickjs/impl/canvas_impl.c:586:0: style: The function 'wisp_canvasrenderingcontext2d_quadraticCurveTo_impl' is never used. [unusedFunction]
JSValue wisp_canvasrenderingcontext2d_quadraticCurveTo_impl(JSContext *ctx, QJSNodePrivate *priv, double cpx, double cpy, double x, double y)
^
src/content/handlers/javascript/quickjs/impl/canvas_impl.c:596:0: style: The function 'wisp_canvasrenderingcontext2d_bezierCurveTo_impl' is never used. [unusedFunction]
JSValue wisp_canvasrenderingcontext2d_bezierCurveTo_impl(JSContext *ctx, QJSNodePrivate *priv, double cp1x, double cp1y, double cp2x, double cp2y, double x, double y)
^
src/content/handlers/javascript/quickjs/impl/canvas_impl.c:606:0: style: The function 'wisp_canvasrenderingcontext2d_rect_impl' is never used. [unusedFunction]
JSValue wisp_canvasrenderingcontext2d_rect_impl(JSContext *ctx, QJSNodePrivate *priv, double x, double y, double w, double h)
^
src/content/handlers/javascript/quickjs/impl/canvas_impl.c:617:0: style: The function 'wisp_canvasrenderingcontext2d_ellipse_impl' is never used. [unusedFunction]
JSValue wisp_canvasrenderingcontext2d_ellipse_impl(JSContext *ctx, QJSNodePrivate *priv, double x, double y, double radiusX, double radiusY, double rotation, double startAngle, double endAngle, bool anticlockwise)
^
src/content/handlers/javascript/quickjs/impl/canvas_impl.c:649:0: style: The function 'wisp_canvasrenderingcontext2d_arcTo_0_impl' is never used. [unusedFunction]
JSValue wisp_canvasrenderingcontext2d_arcTo_0_impl(JSContext *ctx, QJSNodePrivate *priv, double x1, double y1, double x2, double y2, double radius)
^
src/content/handlers/javascript/quickjs/impl/canvas_impl.c:713:0: style: The function 'wisp_canvasrenderingcontext2d_arcTo_1_impl' is never used. [unusedFunction]
JSValue wisp_canvasrenderingcontext2d_arcTo_1_impl(JSContext *ctx, QJSNodePrivate *priv, double x1, double y1, double x2, double y2, double radiusX, double radiusY, double rotation) { return JS_UNDEFINED; }
^
src/content/handlers/javascript/quickjs/impl/canvas_impl.c:714:0: style: The function 'wisp_canvasrenderingcontext2d_clip_0_impl' is never used. [unusedFunction]
JSValue wisp_canvasrenderingcontext2d_clip_0_impl(JSContext *ctx, QJSNodePrivate *priv, JSValue fillRule)
^
src/content/handlers/javascript/quickjs/impl/canvas_impl.c:724:0: style: The function 'wisp_canvasrenderingcontext2d_clip_1_impl' is never used. [unusedFunction]
JSValue wisp_canvasrenderingcontext2d_clip_1_impl(JSContext *ctx, QJSNodePrivate *priv, void * path, JSValue fillRule)
^
src/content/handlers/javascript/quickjs/impl/canvas_impl.c:734:0: style: The function 'wisp_canvasrenderingcontext2d_isPointInPath_0_impl' is never used. [unusedFunction]
JSValue wisp_canvasrenderingcontext2d_isPointInPath_0_impl(JSContext *ctx, QJSNodePrivate *priv, double x, double y, JSValue fillRule) { return JS_FALSE; }
^
src/content/handlers/javascript/quickjs/impl/canvas_impl.c:735:0: style: The function 'wisp_canvasrenderingcontext2d_isPointInPath_1_impl' is never used. [unusedFunction]
JSValue wisp_canvasrenderingcontext2d_isPointInPath_1_impl(JSContext *ctx, QJSNodePrivate *priv, void * path, double x, double y, JSValue fillRule) { return JS_FALSE; }
^
src/content/handlers/javascript/quickjs/impl/canvas_impl.c:738:0: style: The function 'wisp_canvasrenderingcontext2d_addHitRegion_impl' is never used. [unusedFunction]
JSValue wisp_canvasrenderingcontext2d_addHitRegion_impl(JSContext *ctx, QJSNodePrivate *priv, JSValue options) { return JS_UNDEFINED; }
^
src/content/handlers/javascript/quickjs/impl/canvas_impl.c:739:0: style: The function 'wisp_canvasrenderingcontext2d_clearHitRegions_impl' is never used. [unusedFunction]
JSValue wisp_canvasrenderingcontext2d_clearHitRegions_impl(JSContext *ctx, QJSNodePrivate *priv) { return JS_UNDEFINED; }
^
src/content/handlers/javascript/quickjs/impl/canvas_impl.c:740:0: style: The function 'wisp_canvasrenderingcontext2d_commit_impl' is never used. [unusedFunction]
JSValue wisp_canvasrenderingcontext2d_commit_impl(JSContext *ctx, QJSNodePrivate *priv) { return JS_UNDEFINED; }
^
src/content/handlers/javascript/quickjs/impl/canvas_impl.c:772:0: style: The function 'wisp_canvasrenderingcontext2d_createImageData_1_impl' is never used. [unusedFunction]
JSValue wisp_canvasrenderingcontext2d_createImageData_1_impl(JSContext *ctx, QJSNodePrivate *priv, void * imagedata)
^
src/content/handlers/javascript/quickjs/impl/canvas_impl.c:778:0: style: The function 'wisp_canvasrenderingcontext2d_currentTransform_get_impl' is never used. [unusedFunction]
JSValue wisp_canvasrenderingcontext2d_currentTransform_get_impl(JSContext *ctx, QJSNodePrivate *priv) { return JS_NULL; }
^
src/content/handlers/javascript/quickjs/impl/canvas_impl.c:779:0: style: The function 'wisp_canvasrenderingcontext2d_currentTransform_set_impl' is never used. [unusedFunction]
JSValue wisp_canvasrenderingcontext2d_currentTransform_set_impl(JSContext *ctx, QJSNodePrivate *priv, JSValue value) { return JS_UNDEFINED; }
^
src/content/handlers/javascript/quickjs/impl/canvas_impl.c:780:0: style: The function 'wisp_canvasrenderingcontext2d_drawFocusIfNeeded_0_impl' is never used. [unusedFunction]
JSValue wisp_canvasrenderingcontext2d_drawFocusIfNeeded_0_impl(JSContext *ctx, QJSNodePrivate *priv, void * element) { return JS_UNDEFINED; }
^
src/content/handlers/javascript/quickjs/impl/canvas_impl.c:781:0: style: The function 'wisp_canvasrenderingcontext2d_drawFocusIfNeeded_1_impl' is never used. [unusedFunction]
JSValue wisp_canvasrenderingcontext2d_drawFocusIfNeeded_1_impl(JSContext *ctx, QJSNodePrivate *priv, void * path, void * element) { return JS_UNDEFINED; }
^
src/content/handlers/javascript/quickjs/impl/canvas_impl.c:782:0: style: The function 'wisp_canvasrenderingcontext2d_fillText_impl' is never used. [unusedFunction]
JSValue wisp_canvasrenderingcontext2d_fillText_impl(JSContext *ctx, QJSNodePrivate *priv, const char * text, double x, double y, double maxWidth)
^
src/content/handlers/javascript/quickjs/impl/canvas_impl.c:792:0: style: The function 'wisp_canvasrenderingcontext2d_getImageData_impl' is never used. [unusedFunction]
JSValue wisp_canvasrenderingcontext2d_getImageData_impl(JSContext *ctx, QJSNodePrivate *priv, double sx, double sy, double sw, double sh)
^
src/content/handlers/javascript/quickjs/impl/canvas_impl.c:845:0: style: The function 'wisp_canvasrenderingcontext2d_globalCompositeOperation_get_impl' is never used. [unusedFunction]
JSValue wisp_canvasrenderingcontext2d_globalCompositeOperation_get_impl(JSContext *ctx, QJSNodePrivate *priv) { return JS_NewString(ctx, "source-over"); }
^
src/content/handlers/javascript/quickjs/impl/canvas_impl.c:846:0: style: The function 'wisp_canvasrenderingcontext2d_globalCompositeOperation_set_impl' is never used. [unusedFunction]
JSValue wisp_canvasrenderingcontext2d_globalCompositeOperation_set_impl(JSContext *ctx, QJSNodePrivate *priv, const char * value) { return JS_UNDEFINED; }
^
src/content/handlers/javascript/quickjs/impl/canvas_impl.c:847:0: style: The function 'wisp_canvasrenderingcontext2d_imageSmoothingEnabled_get_impl' is never used. [unusedFunction]
JSValue wisp_canvasrenderingcontext2d_imageSmoothingEnabled_get_impl(JSContext *ctx, QJSNodePrivate *priv) { return JS_TRUE; }
^
src/content/handlers/javascript/quickjs/impl/canvas_impl.c:848:0: style: The function 'wisp_canvasrenderingcontext2d_imageSmoothingEnabled_set_impl' is never used. [unusedFunction]
JSValue wisp_canvasrenderingcontext2d_imageSmoothingEnabled_set_impl(JSContext *ctx, QJSNodePrivate *priv, bool value) { return JS_UNDEFINED; }
^
src/content/handlers/javascript/quickjs/impl/canvas_impl.c:849:0: style: The function 'wisp_canvasrenderingcontext2d_imageSmoothingQuality_get_impl' is never used. [unusedFunction]
JSValue wisp_canvasrenderingcontext2d_imageSmoothingQuality_get_impl(JSContext *ctx, QJSNodePrivate *priv) { return JS_NewString(ctx, "low"); }
^
src/content/handlers/javascript/quickjs/impl/canvas_impl.c:850:0: style: The function 'wisp_canvasrenderingcontext2d_imageSmoothingQuality_set_impl' is never used. [unusedFunction]
JSValue wisp_canvasrenderingcontext2d_imageSmoothingQuality_set_impl(JSContext *ctx, QJSNodePrivate *priv, JSValue value) { return JS_UNDEFINED; }
^
src/content/handlers/javascript/quickjs/impl/canvas_impl.c:851:0: style: The function 'wisp_canvasrenderingcontext2d_isPointInStroke_0_impl' is never used. [unusedFunction]
JSValue wisp_canvasrenderingcontext2d_isPointInStroke_0_impl(JSContext *ctx, QJSNodePrivate *priv, double x, double y) { return JS_FALSE; }
^
src/content/handlers/javascript/quickjs/impl/canvas_impl.c:852:0: style: The function 'wisp_canvasrenderingcontext2d_isPointInStroke_1_impl' is never used. [unusedFunction]
JSValue wisp_canvasrenderingcontext2d_isPointInStroke_1_impl(JSContext *ctx, QJSNodePrivate *priv, void * path, double x, double y) { return JS_FALSE; }
^
src/content/handlers/javascript/quickjs/impl/canvas_impl.c:853:0: style: The function 'wisp_canvasrenderingcontext2d_measureText_impl' is never used. [unusedFunction]
JSValue wisp_canvasrenderingcontext2d_measureText_impl(JSContext *ctx, QJSNodePrivate *priv, const char * text)
^
src/content/handlers/javascript/quickjs/impl/canvas_impl.c:861:0: style: The function 'wisp_canvasrenderingcontext2d_putImageData_0_impl' is never used. [unusedFunction]
JSValue wisp_canvasrenderingcontext2d_putImageData_0_impl(JSContext *ctx, QJSNodePrivate *priv, JSValue imagedata_val, double dx, double dy)
^
src/content/handlers/javascript/quickjs/impl/canvas_impl.c:909:0: style: The function 'wisp_canvasrenderingcontext2d_putImageData_1_impl' is never used. [unusedFunction]
JSValue wisp_canvasrenderingcontext2d_putImageData_1_impl(JSContext *ctx, QJSNodePrivate *priv, JSValue imagedata_val, double dx, double dy, double dirtyX, double dirtyY, double dirtyWidth, double dirtyHeight) { return JS_UNDEFINED; }
^
src/content/handlers/javascript/quickjs/impl/canvas_impl.c:910:0: style: The function 'wisp_canvasrenderingcontext2d_removeHitRegion_impl' is never used. [unusedFunction]
JSValue wisp_canvasrenderingcontext2d_removeHitRegion_impl(JSContext *ctx, QJSNodePrivate *priv, const char * id) { return JS_UNDEFINED; }
^
src/content/handlers/javascript/quickjs/impl/canvas_impl.c:911:0: style: The function 'wisp_canvasrenderingcontext2d_resetClip_impl' is never used. [unusedFunction]
JSValue wisp_canvasrenderingcontext2d_resetClip_impl(JSContext *ctx, QJSNodePrivate *priv)
^
src/content/handlers/javascript/quickjs/impl/canvas_impl.c:921:0: style: The function 'wisp_canvasrenderingcontext2d_scrollPathIntoView_0_impl' is never used. [unusedFunction]
JSValue wisp_canvasrenderingcontext2d_scrollPathIntoView_0_impl(JSContext *ctx, QJSNodePrivate *priv) { return JS_UNDEFINED; }
^
src/content/handlers/javascript/quickjs/impl/canvas_impl.c:922:0: style: The function 'wisp_canvasrenderingcontext2d_scrollPathIntoView_1_impl' is never used. [unusedFunction]
JSValue wisp_canvasrenderingcontext2d_scrollPathIntoView_1_impl(JSContext *ctx, QJSNodePrivate *priv, void * path) { return JS_UNDEFINED; }
^
src/content/handlers/javascript/quickjs/impl/canvas_impl.c:923:0: style: The function 'wisp_canvasrenderingcontext2d_shadowBlur_get_impl' is never used. [unusedFunction]
JSValue wisp_canvasrenderingcontext2d_shadowBlur_get_impl(JSContext *ctx, QJSNodePrivate *priv) { return JS_NewFloat64(ctx, 0.0); }
^
src/content/handlers/javascript/quickjs/impl/canvas_impl.c:924:0: style: The function 'wisp_canvasrenderingcontext2d_shadowBlur_set_impl' is never used. [unusedFunction]
JSValue wisp_canvasrenderingcontext2d_shadowBlur_set_impl(JSContext *ctx, QJSNodePrivate *priv, double value) { return JS_UNDEFINED; }
^
src/content/handlers/javascript/quickjs/impl/canvas_impl.c:925:0: style: The function 'wisp_canvasrenderingcontext2d_shadowColor_get_impl' is never used. [unusedFunction]
JSValue wisp_canvasrenderingcontext2d_shadowColor_get_impl(JSContext *ctx, QJSNodePrivate *priv) { return JS_NewString(ctx, "rgba(0,0,0,0)"); }
^
src/content/handlers/javascript/quickjs/impl/canvas_impl.c:926:0: style: The function 'wisp_canvasrenderingcontext2d_shadowColor_set_impl' is never used. [unusedFunction]
JSValue wisp_canvasrenderingcontext2d_shadowColor_set_impl(JSContext *ctx, QJSNodePrivate *priv, const char * value) { return JS_UNDEFINED; }
^
src/content/handlers/javascript/quickjs/impl/canvas_impl.c:927:0: style: The function 'wisp_canvasrenderingcontext2d_shadowOffsetX_get_impl' is never used. [unusedFunction]
JSValue wisp_canvasrenderingcontext2d_shadowOffsetX_get_impl(JSContext *ctx, QJSNodePrivate *priv) { return JS_NewFloat64(ctx, 0.0); }
^
src/content/handlers/javascript/quickjs/impl/canvas_impl.c:928:0: style: The function 'wisp_canvasrenderingcontext2d_shadowOffsetX_set_impl' is never used. [unusedFunction]
JSValue wisp_canvasrenderingcontext2d_shadowOffsetX_set_impl(JSContext *ctx, QJSNodePrivate *priv, double value) { return JS_UNDEFINED; }
^
src/content/handlers/javascript/quickjs/impl/canvas_impl.c:929:0: style: The function 'wisp_canvasrenderingcontext2d_shadowOffsetY_get_impl' is never used. [unusedFunction]
JSValue wisp_canvasrenderingcontext2d_shadowOffsetY_get_impl(JSContext *ctx, QJSNodePrivate *priv) { return JS_NewFloat64(ctx, 0.0); }
^
src/content/handlers/javascript/quickjs/impl/canvas_impl.c:930:0: style: The function 'wisp_canvasrenderingcontext2d_shadowOffsetY_set_impl' is never used. [unusedFunction]
JSValue wisp_canvasrenderingcontext2d_shadowOffsetY_set_impl(JSContext *ctx, QJSNodePrivate *priv, double value) { return JS_UNDEFINED; }
^
src/content/handlers/javascript/quickjs/impl/canvas_impl.c:931:0: style: The function 'wisp_canvasrenderingcontext2d_strokeText_impl' is never used. [unusedFunction]
JSValue wisp_canvasrenderingcontext2d_strokeText_impl(JSContext *ctx, QJSNodePrivate *priv, const char * text, double x, double y, double maxWidth) { return JS_UNDEFINED; }
^
src/content/handlers/javascript/quickjs/impl/console_impl.c:20:0: style: The function 'wisp_console_debug_impl' is never used. [unusedFunction]
JSValue wisp_console_debug_impl(JSContext *ctx, QJSNodePrivate *priv, const char * msg, JSValue subst)
^
src/content/handlers/javascript/quickjs/impl/console_impl.c:25:0: style: The function 'wisp_console_error_impl' is never used. [unusedFunction]
JSValue wisp_console_error_impl(JSContext *ctx, QJSNodePrivate *priv, const char * msg, JSValue subst)
^
src/content/handlers/javascript/quickjs/impl/console_impl.c:30:0: style: The function 'wisp_console_info_impl' is never used. [unusedFunction]
JSValue wisp_console_info_impl(JSContext *ctx, QJSNodePrivate *priv, const char * msg, JSValue subst)
^
src/content/handlers/javascript/quickjs/impl/console_impl.c:35:0: style: The function 'wisp_console_log_impl' is never used. [unusedFunction]
JSValue wisp_console_log_impl(JSContext *ctx, QJSNodePrivate *priv, const char * msg, JSValue subst)
^
src/content/handlers/javascript/quickjs/impl/console_impl.c:40:0: style: The function 'wisp_console_warn_impl' is never used. [unusedFunction]
JSValue wisp_console_warn_impl(JSContext *ctx, QJSNodePrivate *priv, const char * msg, JSValue subst)
^
src/content/handlers/javascript/quickjs/impl/console_impl.c:45:0: style: The function 'wisp_console_trace_impl' is never used. [unusedFunction]
JSValue wisp_console_trace_impl(JSContext *ctx, QJSNodePrivate *priv)
^
src/content/handlers/javascript/quickjs/impl/console_impl.c:50:0: style: The function 'wisp_console_group_impl' is never used. [unusedFunction]
JSValue wisp_console_group_impl(JSContext *ctx, QJSNodePrivate *priv) { return JS_UNDEFINED; }
^
src/content/handlers/javascript/quickjs/impl/console_impl.c:51:0: style: The function 'wisp_console_groupCollapsed_impl' is never used. [unusedFunction]
JSValue wisp_console_groupCollapsed_impl(JSContext *ctx, QJSNodePrivate *priv) { return JS_UNDEFINED; }
^
src/content/handlers/javascript/quickjs/impl/console_impl.c:52:0: style: The function 'wisp_console_groupEnd_impl' is never used. [unusedFunction]
JSValue wisp_console_groupEnd_impl(JSContext *ctx, QJSNodePrivate *priv) { return JS_UNDEFINED; }
^
src/content/handlers/javascript/quickjs/impl/console_impl.c:53:0: style: The function 'wisp_console_time_impl' is never used. [unusedFunction]
JSValue wisp_console_time_impl(JSContext *ctx, QJSNodePrivate *priv, const char * timerName) { return JS_UNDEFINED; }
^
src/content/handlers/javascript/quickjs/impl/console_impl.c:54:0: style: The function 'wisp_console_timeEnd_impl' is never used. [unusedFunction]
JSValue wisp_console_timeEnd_impl(JSContext *ctx, QJSNodePrivate *priv, const char * timerName) { return JS_UNDEFINED; }
^
src/content/handlers/javascript/quickjs/impl/console_impl.c:55:0: style: The function 'wisp_console_dir_impl' is never used. [unusedFunction]
JSValue wisp_console_dir_impl(JSContext *ctx, QJSNodePrivate *priv, JSValue object) { return JS_UNDEFINED; }
^
src/content/handlers/javascript/quickjs/impl/console_impl.c:105:0: style: The function 'qjs_console_cleanup' is never used. [unusedFunction]
void qjs_console_cleanup(JSContext *ctx)
^
src/content/handlers/javascript/quickjs/impl/dedicatedworkerglobalscope_impl.c:36:0: style: The function 'wisp_dedicatedworkerglobalscope_postMessage_impl' is never used. [unusedFunction]
JSValue wisp_dedicatedworkerglobalscope_postMessage_impl(JSContext *ctx, QJSNodePrivate *priv, JSValue message, JSValue transfer) {
^
src/content/handlers/javascript/quickjs/impl/dedicatedworkerglobalscope_impl.c:55:0: style: The function 'wisp_dedicatedworkerglobalscope_onmessage_get_impl' is never used. [unusedFunction]
JSValue wisp_dedicatedworkerglobalscope_onmessage_get_impl(JSContext *ctx, QJSNodePrivate *priv) {
^
src/content/handlers/javascript/quickjs/impl/dedicatedworkerglobalscope_impl.c:62:0: style: The function 'wisp_dedicatedworkerglobalscope_onmessage_set_impl' is never used. [unusedFunction]
JSValue wisp_dedicatedworkerglobalscope_onmessage_set_impl(JSContext *ctx, QJSNodePrivate *priv, JSValue value) {
^
src/content/handlers/javascript/quickjs/impl/dedicatedworkerglobalscope_impl.c:70:0: style: The function 'wisp_workerglobalscope_self_get_impl' is never used. [unusedFunction]
JSValue wisp_workerglobalscope_self_get_impl(JSContext *ctx, QJSNodePrivate *priv) {
^
src/content/handlers/javascript/quickjs/impl/dedicatedworkerglobalscope_impl.c:74:0: style: The function 'wisp_workerglobalscope_close_impl' is never used. [unusedFunction]
JSValue wisp_workerglobalscope_close_impl(JSContext *ctx, QJSNodePrivate *priv) {
^
src/content/handlers/javascript/quickjs/impl/dedicatedworkerglobalscope_impl.c:94:0: style: The function 'wisp_workerglobalscope_importScripts_impl' is never used. [unusedFunction]
JSValue wisp_workerglobalscope_importScripts_impl(JSContext *ctx, QJSNodePrivate *priv, JSValue urls) {
^
src/content/handlers/javascript/quickjs/impl/document_impl.c:12:0: style: The function 'wisp_document_createElement_impl' is never used. [unusedFunction]
JSValue wisp_document_createElement_impl(JSContext *ctx, QJSNodePrivate *priv, const char * localName)
^
src/content/handlers/javascript/quickjs/impl/document_impl.c:28:0: style: The function 'wisp_document_createTextNode_impl' is never used. [unusedFunction]
JSValue wisp_document_createTextNode_impl(JSContext *ctx, QJSNodePrivate *priv, const char * data)
^
src/content/handlers/javascript/quickjs/impl/document_impl.c:44:0: style: The function 'wisp_document_getElementById_impl' is never used. [unusedFunction]
JSValue wisp_document_getElementById_impl(JSContext *ctx, QJSNodePrivate *priv, const char * elementId)
^
src/content/handlers/javascript/quickjs/impl/document_impl.c:60:0: style: The function 'wisp_document_getElementsByTagName_impl' is never used. [unusedFunction]
JSValue wisp_document_getElementsByTagName_impl(JSContext *ctx, QJSNodePrivate *priv, const char * localName)
^
src/content/handlers/javascript/quickjs/impl/document_impl.c:66:0: style: The function 'wisp_document_body_get_impl' is never used. [unusedFunction]
JSValue wisp_document_body_get_impl(JSContext *ctx, QJSNodePrivate *priv)
^
src/content/handlers/javascript/quickjs/impl/document_impl.c:80:0: style: The function 'wisp_document_documentElement_get_impl' is never used. [unusedFunction]
JSValue wisp_document_documentElement_get_impl(JSContext *ctx, QJSNodePrivate *priv)
^
src/content/handlers/javascript/quickjs/impl/document_impl.c:93:0: style: The function 'wisp_document_write_impl' is never used. [unusedFunction]
JSValue wisp_document_write_impl(JSContext *ctx, QJSNodePrivate *priv, JSValue text) { return JS_UNDEFINED; }
^
src/content/handlers/javascript/quickjs/impl/document_impl.c:94:0: style: The function 'wisp_document_writeln_impl' is never used. [unusedFunction]
JSValue wisp_document_writeln_impl(JSContext *ctx, QJSNodePrivate *priv, JSValue text) { return JS_UNDEFINED; }
^
src/content/handlers/javascript/quickjs/impl/document_impl.c:95:0: style: The function 'wisp_document_cookie_get_impl' is never used. [unusedFunction]
JSValue wisp_document_cookie_get_impl(JSContext *ctx, QJSNodePrivate *priv) { return JS_NewString(ctx, ""); }
^
src/content/handlers/javascript/quickjs/impl/document_impl.c:96:0: style: The function 'wisp_document_cookie_set_impl' is never used. [unusedFunction]
JSValue wisp_document_cookie_set_impl(JSContext *ctx, QJSNodePrivate *priv, const char * value) { return JS_UNDEFINED; }
^
src/content/handlers/javascript/quickjs/impl/document_impl.c:98:0: style: The function 'wisp_document_querySelector_impl' is never used. [unusedFunction]
JSValue wisp_document_querySelector_impl(JSContext *ctx, QJSNodePrivate *priv, const char * selectors)
^
src/content/handlers/javascript/quickjs/impl/document_impl.c:104:0: style: The function 'wisp_document_querySelectorAll_impl' is never used. [unusedFunction]
JSValue wisp_document_querySelectorAll_impl(JSContext *ctx, QJSNodePrivate *priv, const char * selectors)
^
src/content/handlers/javascript/quickjs/impl/domrect_impl.c:49:0: style: The function 'wisp_domrectreadonly_top_get_impl' is never used. [unusedFunction]
JSValue wisp_domrectreadonly_top_get_impl(JSContext *ctx, QJSNodePrivate *priv) {
^
src/content/handlers/javascript/quickjs/impl/domrect_impl.c:54:0: style: The function 'wisp_domrectreadonly_left_get_impl' is never used. [unusedFunction]
JSValue wisp_domrectreadonly_left_get_impl(JSContext *ctx, QJSNodePrivate *priv) {
^
src/content/handlers/javascript/quickjs/impl/domrect_impl.c:59:0: style: The function 'wisp_domrectreadonly_right_get_impl' is never used. [unusedFunction]
JSValue wisp_domrectreadonly_right_get_impl(JSContext *ctx, QJSNodePrivate *priv) {
^
src/content/handlers/javascript/quickjs/impl/domrect_impl.c:64:0: style: The function 'wisp_domrectreadonly_bottom_get_impl' is never used. [unusedFunction]
JSValue wisp_domrectreadonly_bottom_get_impl(JSContext *ctx, QJSNodePrivate *priv) {
^
src/content/handlers/javascript/quickjs/impl/domrect_impl.c:70:0: style: The function 'wisp_domrect_x_get_impl' is never used. [unusedFunction]
JSValue wisp_domrect_x_get_impl(JSContext *ctx, QJSNodePrivate *priv) { return wisp_domrectreadonly_x_get_impl(ctx, priv); }
^
src/content/handlers/javascript/quickjs/impl/domrect_impl.c:71:0: style: The function 'wisp_domrect_y_get_impl' is never used. [unusedFunction]
JSValue wisp_domrect_y_get_impl(JSContext *ctx, QJSNodePrivate *priv) { return wisp_domrectreadonly_y_get_impl(ctx, priv); }
^
src/content/handlers/javascript/quickjs/impl/domrect_impl.c:72:0: style: The function 'wisp_domrect_width_get_impl' is never used. [unusedFunction]
JSValue wisp_domrect_width_get_impl(JSContext *ctx, QJSNodePrivate *priv) { return wisp_domrectreadonly_width_get_impl(ctx, priv); }
^
src/content/handlers/javascript/quickjs/impl/domrect_impl.c:73:0: style: The function 'wisp_domrect_height_get_impl' is never used. [unusedFunction]
JSValue wisp_domrect_height_get_impl(JSContext *ctx, QJSNodePrivate *priv) { return wisp_domrectreadonly_height_get_impl(ctx, priv); }
^
src/content/handlers/javascript/quickjs/impl/domrect_impl.c:75:0: style: The function 'wisp_domrect_x_set_impl' is never used. [unusedFunction]
JSValue wisp_domrect_x_set_impl(JSContext *ctx, QJSNodePrivate *priv, double value) { if (priv) ((WispRect*)priv->node)->x = value; return JS_UNDEFINED; }
^
src/content/handlers/javascript/quickjs/impl/domrect_impl.c:76:0: style: The function 'wisp_domrect_y_set_impl' is never used. [unusedFunction]
JSValue wisp_domrect_y_set_impl(JSContext *ctx, QJSNodePrivate *priv, double value) { if (priv) ((WispRect*)priv->node)->y = value; return JS_UNDEFINED; }
^
src/content/handlers/javascript/quickjs/impl/domrect_impl.c:77:0: style: The function 'wisp_domrect_width_set_impl' is never used. [unusedFunction]
JSValue wisp_domrect_width_set_impl(JSContext *ctx, QJSNodePrivate *priv, double value) { if (priv) ((WispRect*)priv->node)->width = value; return JS_UNDEFINED; }
^
src/content/handlers/javascript/quickjs/impl/domrect_impl.c:78:0: style: The function 'wisp_domrect_height_set_impl' is never used. [unusedFunction]
JSValue wisp_domrect_height_set_impl(JSContext *ctx, QJSNodePrivate *priv, double value) { if (priv) ((WispRect*)priv->node)->height = value; return JS_UNDEFINED; }
^
src/content/handlers/javascript/quickjs/impl/domrect_impl.c:80:0: style: The function 'qjs_init_domrect' is never used. [unusedFunction]
int qjs_init_domrect(JSContext *ctx)
^
src/content/handlers/javascript/quickjs/impl/domrect_impl.c:103:0: style: The function 'qjs_init_domrectreadonly' is never used. [unusedFunction]
int qjs_init_domrectreadonly(JSContext *ctx)
^
src/content/handlers/javascript/quickjs/impl/element_impl.c:44:0: style: The function 'wisp_element_removeAttribute_impl' is never used. [unusedFunction]
JSValue wisp_element_removeAttribute_impl(JSContext *ctx, QJSNodePrivate *priv, const char * qualifiedName)
^
src/content/handlers/javascript/quickjs/impl/element_impl.c:55:0: style: The function 'wisp_element_hasAttribute_impl' is never used. [unusedFunction]
JSValue wisp_element_hasAttribute_impl(JSContext *ctx, QJSNodePrivate *priv, const char * qualifiedName)
^
src/content/handlers/javascript/quickjs/impl/element_impl.c:67:0: style: The function 'wisp_element_id_get_impl' is never used. [unusedFunction]
JSValue wisp_element_id_get_impl(JSContext *ctx, QJSNodePrivate *priv) { return wisp_element_getAttribute_impl(ctx, priv, "id"); }
^
src/content/handlers/javascript/quickjs/impl/element_impl.c:68:0: style: The function 'wisp_element_id_set_impl' is never used. [unusedFunction]
JSValue wisp_element_id_set_impl(JSContext *ctx, QJSNodePrivate *priv, const char * value) { return wisp_element_setAttribute_impl(ctx, priv, "id", value); }
^
src/content/handlers/javascript/quickjs/impl/element_impl.c:69:0: style: The function 'wisp_element_className_get_impl' is never used. [unusedFunction]
JSValue wisp_element_className_get_impl(JSContext *ctx, QJSNodePrivate *priv) { return wisp_element_getAttribute_impl(ctx, priv, "class"); }
^
src/content/handlers/javascript/quickjs/impl/element_impl.c:70:0: style: The function 'wisp_element_className_set_impl' is never used. [unusedFunction]
JSValue wisp_element_className_set_impl(JSContext *ctx, QJSNodePrivate *priv, const char * value) { return wisp_element_setAttribute_impl(ctx, priv, "class", value); }
^
src/content/handlers/javascript/quickjs/impl/element_impl.c:72:0: style: The function 'wisp_element_innerHTML_get_impl' is never used. [unusedFunction]
JSValue wisp_element_innerHTML_get_impl(JSContext *ctx, QJSNodePrivate *priv) { return JS_NewString(ctx, ""); }
^
src/content/handlers/javascript/quickjs/impl/element_impl.c:73:0: style: The function 'wisp_element_innerHTML_set_impl' is never used. [unusedFunction]
JSValue wisp_element_innerHTML_set_impl(JSContext *ctx, QJSNodePrivate *priv, const char * value)
^
src/content/handlers/javascript/quickjs/impl/element_impl.c:131:0: style: The function 'wisp_element_tagName_get_impl' is never used. [unusedFunction]
JSValue wisp_element_tagName_get_impl(JSContext *ctx, QJSNodePrivate *priv)
^
src/content/handlers/javascript/quickjs/impl/element_impl.c:144:0: style: The function 'wisp_element_classList_get_impl' is never used. [unusedFunction]
JSValue wisp_element_classList_get_impl(JSContext *ctx, QJSNodePrivate *priv) { return JS_NULL; }
^
src/content/handlers/javascript/quickjs/impl/element_impl.c:145:0: style: The function 'wisp_element_attributes_get_impl' is never used. [unusedFunction]
JSValue wisp_element_attributes_get_impl(JSContext *ctx, QJSNodePrivate *priv) { return JS_NULL; }
^
src/content/handlers/javascript/quickjs/impl/element_impl.c:146:0: style: The function 'wisp_element_style_get_impl' is never used. [unusedFunction]
JSValue wisp_element_style_get_impl(JSContext *ctx, QJSNodePrivate *priv) { return JS_NewObject(ctx); }
^
src/content/handlers/javascript/quickjs/impl/element_impl.c:148:0: style: The function 'wisp_element_querySelector_impl' is never used. [unusedFunction]
JSValue wisp_element_querySelector_impl(JSContext *ctx, QJSNodePrivate *priv, const char * selectors)
^
src/content/handlers/javascript/quickjs/impl/element_impl.c:154:0: style: The function 'wisp_element_querySelectorAll_impl' is never used. [unusedFunction]
JSValue wisp_element_querySelectorAll_impl(JSContext *ctx, QJSNodePrivate *priv, const char * selectors)
^
src/content/handlers/javascript/quickjs/impl/errorevent_impl.c:51:0: style: The function 'qjs_init_errorevent' is never used. [unusedFunction]
int qjs_init_errorevent(JSContext *ctx) {
^
src/content/handlers/javascript/quickjs/impl/errorevent_impl.c:61:0: style: The function 'wisp_errorevent_constructor_impl' is never used. [unusedFunction]
JSValue wisp_errorevent_constructor_impl(JSContext *ctx, const char * type, JSValue eventInitDict) {
^
src/content/handlers/javascript/quickjs/impl/errorevent_impl.c:73:0: style: The function 'wisp_errorevent_message_get_impl' is never used. [unusedFunction]
JSValue wisp_errorevent_message_get_impl(JSContext *ctx, QJSNodePrivate *priv_node) {
^
src/content/handlers/javascript/quickjs/impl/errorevent_impl.c:78:0: style: The function 'wisp_errorevent_filename_get_impl' is never used. [unusedFunction]
JSValue wisp_errorevent_filename_get_impl(JSContext *ctx, QJSNodePrivate *priv_node) {
^
src/content/handlers/javascript/quickjs/impl/errorevent_impl.c:83:0: style: The function 'wisp_errorevent_lineno_get_impl' is never used. [unusedFunction]
JSValue wisp_errorevent_lineno_get_impl(JSContext *ctx, QJSNodePrivate *priv_node) {
^
src/content/handlers/javascript/quickjs/impl/errorevent_impl.c:88:0: style: The function 'wisp_errorevent_colno_get_impl' is never used. [unusedFunction]
JSValue wisp_errorevent_colno_get_impl(JSContext *ctx, QJSNodePrivate *priv_node) {
^
src/content/handlers/javascript/quickjs/impl/errorevent_impl.c:93:0: style: The function 'wisp_errorevent_error_get_impl' is never used. [unusedFunction]
JSValue wisp_errorevent_error_get_impl(JSContext *ctx, QJSNodePrivate *priv_node) {
^
src/content/handlers/javascript/quickjs/impl/event_impl.c:58:0: style: The function 'wisp_event_stopPropagation_impl' is never used. [unusedFunction]
JSValue wisp_event_stopPropagation_impl(JSContext *ctx, QJSNodePrivate *priv) { dom_event_stop_propagation(priv->node); return JS_UNDEFINED; }
^
src/content/handlers/javascript/quickjs/impl/event_impl.c:59:0: style: The function 'wisp_event_stopImmediatePropagation_impl' is never used. [unusedFunction]
JSValue wisp_event_stopImmediatePropagation_impl(JSContext *ctx, QJSNodePrivate *priv) { dom_event_stop_propagation(priv->node); return JS_UNDEFINED; }
^
src/content/handlers/javascript/quickjs/impl/event_impl.c:60:0: style: The function 'wisp_event_preventDefault_impl' is never used. [unusedFunction]
JSValue wisp_event_preventDefault_impl(JSContext *ctx, QJSNodePrivate *priv) { dom_event_prevent_default(priv->node); return JS_UNDEFINED; }
^
src/content/handlers/javascript/quickjs/impl/event_impl.c:62:0: style: The function 'wisp_event_initEvent_impl' is never used. [unusedFunction]
JSValue wisp_event_initEvent_impl(JSContext *ctx, QJSNodePrivate *priv, const char * type, bool bubbles, bool cancelable) {
^
src/content/handlers/javascript/quickjs/impl/event_impl.c:68:0: style: The function 'wisp_event_type_get_impl' is never used. [unusedFunction]
JSValue wisp_event_type_get_impl(JSContext *ctx, QJSNodePrivate *priv)
^
src/content/handlers/javascript/quickjs/impl/event_impl.c:76:0: style: The function 'wisp_event_target_get_impl' is never used. [unusedFunction]
JSValue wisp_event_target_get_impl(JSContext *ctx, QJSNodePrivate *priv) {
^
src/content/handlers/javascript/quickjs/impl/event_impl.c:83:0: style: The function 'wisp_event_currentTarget_get_impl' is never used. [unusedFunction]
JSValue wisp_event_currentTarget_get_impl(JSContext *ctx, QJSNodePrivate *priv) {
^
src/content/handlers/javascript/quickjs/impl/event_impl.c:91:0: style: The function 'wisp_event_eventPhase_get_impl' is never used. [unusedFunction]
JSValue wisp_event_eventPhase_get_impl(JSContext *ctx, QJSNodePrivate *priv) {
^
src/content/handlers/javascript/quickjs/impl/event_impl.c:96:0: style: The function 'wisp_event_bubbles_get_impl' is never used. [unusedFunction]
JSValue wisp_event_bubbles_get_impl(JSContext *ctx, QJSNodePrivate *priv) { bool res; dom_event_get_bubbles(priv->node, &res); return JS_NewBool(ctx, res); }
^
src/content/handlers/javascript/quickjs/impl/event_impl.c:97:0: style: The function 'wisp_event_cancelable_get_impl' is never used. [unusedFunction]
JSValue wisp_event_cancelable_get_impl(JSContext *ctx, QJSNodePrivate *priv) { bool res; dom_event_get_cancelable(priv->node, &res); return JS_NewBool(ctx, res); }
^
src/content/handlers/javascript/quickjs/impl/event_impl.c:98:0: style: The function 'wisp_event_defaultPrevented_get_impl' is never used. [unusedFunction]
JSValue wisp_event_defaultPrevented_get_impl(JSContext *ctx, QJSNodePrivate *priv) { return JS_FALSE; }
^
src/content/handlers/javascript/quickjs/impl/event_impl.c:99:0: style: The function 'wisp_event_isTrusted_get_impl' is never used. [unusedFunction]
JSValue wisp_event_isTrusted_get_impl(JSContext *ctx, QJSNodePrivate *priv) { return JS_TRUE; }
^
src/content/handlers/javascript/quickjs/impl/event_impl.c:100:0: style: The function 'wisp_event_timeStamp_get_impl' is never used. [unusedFunction]
JSValue wisp_event_timeStamp_get_impl(JSContext *ctx, QJSNodePrivate *priv) { uint64_t now; nsu_getmonotonic_ms(&now); return JS_NewFloat64(ctx, (double)now); }
^
src/content/handlers/javascript/quickjs/impl/eventtarget_impl.c:90:0: style: The function 'wisp_eventtarget_addEventListener_impl' is never used. [unusedFunction]
JSValue wisp_eventtarget_addEventListener_impl(JSContext *ctx, QJSNodePrivate *priv, const char * type, JSValue callback, bool capture) { return JS_UNDEFINED; }
^
src/content/handlers/javascript/quickjs/impl/eventtarget_impl.c:91:0: style: The function 'wisp_eventtarget_removeEventListener_impl' is never used. [unusedFunction]
JSValue wisp_eventtarget_removeEventListener_impl(JSContext *ctx, QJSNodePrivate *priv, const char * type, JSValue callback, bool capture) { return JS_UNDEFINED; }
^
src/content/handlers/javascript/quickjs/impl/eventtarget_impl.c:92:0: style: The function 'wisp_eventtarget_dispatchEvent_impl' is never used. [unusedFunction]
JSValue wisp_eventtarget_dispatchEvent_impl(JSContext *ctx, QJSNodePrivate *priv, void * event)
^
src/content/handlers/javascript/quickjs/impl/imagedata_impl.c:48:0: style: The function 'wisp_imagedata_width_get_impl' is never used. [unusedFunction]
JSValue wisp_imagedata_width_get_impl(JSContext *ctx, QJSNodePrivate *priv)
^
src/content/handlers/javascript/quickjs/impl/imagedata_impl.c:55:0: style: The function 'wisp_imagedata_height_get_impl' is never used. [unusedFunction]
JSValue wisp_imagedata_height_get_impl(JSContext *ctx, QJSNodePrivate *priv)
^
src/content/handlers/javascript/quickjs/impl/imagedata_impl.c:62:0: style: The function 'wisp_imagedata_data_get_impl' is never used. [unusedFunction]
JSValue wisp_imagedata_data_get_impl(JSContext *ctx, QJSNodePrivate *priv)
^
src/content/handlers/javascript/quickjs/impl/imagedata_impl.c:103:0: style: The function 'wisp_imagedata_constructor_0_impl' is never used. [unusedFunction]
JSValue wisp_imagedata_constructor_0_impl(JSContext *ctx, uint32_t sw, uint32_t sh)
^
src/content/handlers/javascript/quickjs/impl/intersectionobserver_impl.c:59:0: style: The function 'wisp_intersectionobserver_observe_impl' is never used. [unusedFunction]
JSValue wisp_intersectionobserver_observe_impl(JSContext *ctx, QJSNodePrivate *priv, void * target)
^
src/content/handlers/javascript/quickjs/impl/intersectionobserver_impl.c:70:0: style: The function 'wisp_intersectionobserver_unobserve_impl' is never used. [unusedFunction]
JSValue wisp_intersectionobserver_unobserve_impl(JSContext *ctx, QJSNodePrivate *priv, void * target)
^
src/content/handlers/javascript/quickjs/impl/intersectionobserver_impl.c:85:0: style: The function 'wisp_intersectionobserver_disconnect_impl' is never used. [unusedFunction]
JSValue wisp_intersectionobserver_disconnect_impl(JSContext *ctx, QJSNodePrivate *priv)
^
src/content/handlers/javascript/quickjs/impl/intersectionobserver_impl.c:97:0: style: The function 'wisp_intersectionobserver_takeRecords_impl' is never used. [unusedFunction]
JSValue wisp_intersectionobserver_takeRecords_impl(JSContext *ctx, QJSNodePrivate *priv)
^
src/content/handlers/javascript/quickjs/impl/intersectionobserver_impl.c:104:0: style: The function 'wisp_intersectionobserver_root_get_impl' is never used. [unusedFunction]
JSValue wisp_intersectionobserver_root_get_impl(JSContext *ctx, QJSNodePrivate *priv)
^
src/content/handlers/javascript/quickjs/impl/intersectionobserver_impl.c:113:0: style: The function 'wisp_intersectionobserver_rootMargin_get_impl' is never used. [unusedFunction]
JSValue wisp_intersectionobserver_rootMargin_get_impl(JSContext *ctx, QJSNodePrivate *priv)
^
src/content/handlers/javascript/quickjs/impl/intersectionobserver_impl.c:122:0: style: The function 'wisp_intersectionobserver_thresholds_get_impl' is never used. [unusedFunction]
JSValue wisp_intersectionobserver_thresholds_get_impl(JSContext *ctx, QJSNodePrivate *priv)
^
src/content/handlers/javascript/quickjs/impl/intersectionobserver_impl.c:133:0: style: The function 'wisp_intersectionobserver_constructor_impl' is never used. [unusedFunction]
JSValue wisp_intersectionobserver_constructor_impl(JSContext *ctx, JSValue callback, JSValue options)
^
src/content/handlers/javascript/quickjs/impl/intersectionobserverentry_impl.c:50:0: style: The function 'wisp_intersectionobserverentry_time_get_impl' is never used. [unusedFunction]
JSValue wisp_intersectionobserverentry_time_get_impl(JSContext *ctx, QJSNodePrivate *priv) { return JS_NewFloat64(ctx, ((WispIntersectionObserverEntry*)priv->node)->time); }
^
src/content/handlers/javascript/quickjs/impl/intersectionobserverentry_impl.c:51:0: style: The function 'wisp_intersectionobserverentry_rootBounds_get_impl' is never used. [unusedFunction]
JSValue wisp_intersectionobserverentry_rootBounds_get_impl(JSContext *ctx, QJSNodePrivate *priv) {
^
src/content/handlers/javascript/quickjs/impl/intersectionobserverentry_impl.c:59:0: style: The function 'wisp_intersectionobserverentry_boundingClientRect_get_impl' is never used. [unusedFunction]
JSValue wisp_intersectionobserverentry_boundingClientRect_get_impl(JSContext *ctx, QJSNodePrivate *priv) {
^
src/content/handlers/javascript/quickjs/impl/intersectionobserverentry_impl.c:67:0: style: The function 'wisp_intersectionobserverentry_intersectionRect_get_impl' is never used. [unusedFunction]
JSValue wisp_intersectionobserverentry_intersectionRect_get_impl(JSContext *ctx, QJSNodePrivate *priv) {
^
src/content/handlers/javascript/quickjs/impl/intersectionobserverentry_impl.c:75:0: style: The function 'wisp_intersectionobserverentry_isIntersecting_get_impl' is never used. [unusedFunction]
JSValue wisp_intersectionobserverentry_isIntersecting_get_impl(JSContext *ctx, QJSNodePrivate *priv) { return JS_NewBool(ctx, ((WispIntersectionObserverEntry*)priv->node)->isIntersecting); }
^
src/content/handlers/javascript/quickjs/impl/intersectionobserverentry_impl.c:76:0: style: The function 'wisp_intersectionobserverentry_intersectionRatio_get_impl' is never used. [unusedFunction]
JSValue wisp_intersectionobserverentry_intersectionRatio_get_impl(JSContext *ctx, QJSNodePrivate *priv) { return JS_NewFloat64(ctx, ((WispIntersectionObserverEntry*)priv->node)->intersectionRatio); }
^
src/content/handlers/javascript/quickjs/impl/intersectionobserverentry_impl.c:77:0: style: The function 'wisp_intersectionobserverentry_target_get_impl' is never used. [unusedFunction]
JSValue wisp_intersectionobserverentry_target_get_impl(JSContext *ctx, QJSNodePrivate *priv) { return qjs_wrap_node(ctx, ((WispIntersectionObserverEntry*)priv->node)->target); }
^
src/content/handlers/javascript/quickjs/impl/intersectionobserverentry_impl.c:79:0: style: The function 'qjs_init_intersectionobserverentry' is never used. [unusedFunction]
int qjs_init_intersectionobserverentry(JSContext *ctx)
^
src/content/handlers/javascript/quickjs/impl/location_impl.c:9:0: style: The function 'wisp_location_href_get_impl' is never used. [unusedFunction]
JSValue wisp_location_href_get_impl(JSContext *ctx, QJSNodePrivate *priv)
^
src/content/handlers/javascript/quickjs/impl/messageevent_impl.c:47:0: style: The function 'qjs_init_messageevent' is never used. [unusedFunction]
int qjs_init_messageevent(JSContext *ctx) {
^
src/content/handlers/javascript/quickjs/impl/messageevent_impl.c:60:0: style: The function 'wisp_messageevent_constructor_impl' is never used. [unusedFunction]
JSValue wisp_messageevent_constructor_impl(JSContext *ctx, const char * type, JSValue eventInitDict) {
^
src/content/handlers/javascript/quickjs/impl/messageevent_impl.c:70:0: style: The function 'wisp_messageevent_data_get_impl' is never used. [unusedFunction]
JSValue wisp_messageevent_data_get_impl(JSContext *ctx, QJSNodePrivate *priv_node) {
^
src/content/handlers/javascript/quickjs/impl/messageevent_impl.c:75:0: style: The function 'wisp_messageevent_origin_get_impl' is never used. [unusedFunction]
JSValue wisp_messageevent_origin_get_impl(JSContext *ctx, QJSNodePrivate *priv_node) {
^
src/content/handlers/javascript/quickjs/impl/messageevent_impl.c:80:0: style: The function 'wisp_messageevent_lastEventId_get_impl' is never used. [unusedFunction]
JSValue wisp_messageevent_lastEventId_get_impl(JSContext *ctx, QJSNodePrivate *priv_node) {
^
src/content/handlers/javascript/quickjs/impl/messageevent_impl.c:85:0: style: The function 'wisp_messageevent_source_get_impl' is never used. [unusedFunction]
JSValue wisp_messageevent_source_get_impl(JSContext *ctx, QJSNodePrivate *priv_node) { return JS_NULL; }
^
src/content/handlers/javascript/quickjs/impl/messageevent_impl.c:86:0: style: The function 'wisp_messageevent_ports_get_impl' is never used. [unusedFunction]
JSValue wisp_messageevent_ports_get_impl(JSContext *ctx, QJSNodePrivate *priv_node) { return JS_NewArray(ctx); }
^
src/content/handlers/javascript/quickjs/impl/messageevent_impl.c:87:0: style: The function 'wisp_messageevent_initMessageEvent_impl' is never used. [unusedFunction]
JSValue wisp_messageevent_initMessageEvent_impl(JSContext *ctx, QJSNodePrivate *priv, const char * type, bool bubbles, bool cancelable, JSValue data, const char * origin, const char * lastEventId, JSValue source, JSValue ports) { return JS_UNDEFINED; }
^
src/content/handlers/javascript/quickjs/impl/mutationobserver_impl.c:164:0: style: The function 'wisp_mutationobserver_observe_impl' is never used. [unusedFunction]
JSValue wisp_mutationobserver_observe_impl(JSContext *ctx, QJSNodePrivate *priv, void * target, JSValue options)
^
src/content/handlers/javascript/quickjs/impl/mutationobserver_impl.c:203:0: style: The function 'wisp_mutationobserver_disconnect_impl' is never used. [unusedFunction]
JSValue wisp_mutationobserver_disconnect_impl(JSContext *ctx, QJSNodePrivate *priv)
^
src/content/handlers/javascript/quickjs/impl/mutationobserver_impl.c:215:0: style: The function 'wisp_mutationobserver_takeRecords_impl' is never used. [unusedFunction]
JSValue wisp_mutationobserver_takeRecords_impl(JSContext *ctx, QJSNodePrivate *priv)
^
src/content/handlers/javascript/quickjs/impl/mutationrecord_impl.c:63:0: style: The function 'wisp_mutationrecord_type_get_impl' is never used. [unusedFunction]
JSValue wisp_mutationrecord_type_get_impl(JSContext *ctx, QJSNodePrivate *priv) { return JS_NewString(ctx, ((WispMutationRecord*)priv->node)->type); }
^
src/content/handlers/javascript/quickjs/impl/mutationrecord_impl.c:64:0: style: The function 'wisp_mutationrecord_target_get_impl' is never used. [unusedFunction]
JSValue wisp_mutationrecord_target_get_impl(JSContext *ctx, QJSNodePrivate *priv) { return qjs_wrap_node(ctx, ((WispMutationRecord*)priv->node)->target); }
^
src/content/handlers/javascript/quickjs/impl/mutationrecord_impl.c:65:0: style: The function 'wisp_mutationrecord_addedNodes_get_impl' is never used. [unusedFunction]
JSValue wisp_mutationrecord_addedNodes_get_impl(JSContext *ctx, QJSNodePrivate *priv) {
^
src/content/handlers/javascript/quickjs/impl/mutationrecord_impl.c:70:0: style: The function 'wisp_mutationrecord_removedNodes_get_impl' is never used. [unusedFunction]
JSValue wisp_mutationrecord_removedNodes_get_impl(JSContext *ctx, QJSNodePrivate *priv) {
^
src/content/handlers/javascript/quickjs/impl/mutationrecord_impl.c:75:0: style: The function 'wisp_mutationrecord_previousSibling_get_impl' is never used. [unusedFunction]
JSValue wisp_mutationrecord_previousSibling_get_impl(JSContext *ctx, QJSNodePrivate *priv) { return qjs_wrap_node(ctx, ((WispMutationRecord*)priv->node)->previousSibling); }
^
src/content/handlers/javascript/quickjs/impl/mutationrecord_impl.c:76:0: style: The function 'wisp_mutationrecord_nextSibling_get_impl' is never used. [unusedFunction]
JSValue wisp_mutationrecord_nextSibling_get_impl(JSContext *ctx, QJSNodePrivate *priv) { return qjs_wrap_node(ctx, ((WispMutationRecord*)priv->node)->nextSibling); }
^
src/content/handlers/javascript/quickjs/impl/mutationrecord_impl.c:77:0: style: The function 'wisp_mutationrecord_attributeName_get_impl' is never used. [unusedFunction]
JSValue wisp_mutationrecord_attributeName_get_impl(JSContext *ctx, QJSNodePrivate *priv) { char *n = ((WispMutationRecord*)priv->node)->attributeName; return n ? JS_NewString(ctx, n) : JS_NULL; }
^
src/content/handlers/javascript/quickjs/impl/mutationrecord_impl.c:78:0: style: The function 'wisp_mutationrecord_attributeNamespace_get_impl' is never used. [unusedFunction]
JSValue wisp_mutationrecord_attributeNamespace_get_impl(JSContext *ctx, QJSNodePrivate *priv) { char *n = ((WispMutationRecord*)priv->node)->attributeNamespace; return n ? JS_NewString(ctx, n) : JS_NULL; }
^
src/content/handlers/javascript/quickjs/impl/mutationrecord_impl.c:79:0: style: The function 'wisp_mutationrecord_oldValue_get_impl' is never used. [unusedFunction]
JSValue wisp_mutationrecord_oldValue_get_impl(JSContext *ctx, QJSNodePrivate *priv) { char *n = ((WispMutationRecord*)priv->node)->oldValue; return n ? JS_NewString(ctx, n) : JS_NULL; }
^
src/content/handlers/javascript/quickjs/impl/mutationrecord_impl.c:81:0: style: The function 'qjs_init_mutationrecord' is never used. [unusedFunction]
int qjs_init_mutationrecord(JSContext *ctx)
^
src/content/handlers/javascript/quickjs/impl/navigator_impl.c:9:0: style: The function 'wisp_navigator_cookieEnabled_get_impl' is never used. [unusedFunction]
JSValue wisp_navigator_cookieEnabled_get_impl(JSContext *ctx, QJSNodePrivate *priv)
^
src/content/handlers/javascript/quickjs/impl/navigator_impl.c:14:0: style: The function 'wisp_navigator_userAgent_get_impl' is never used. [unusedFunction]
JSValue wisp_navigator_userAgent_get_impl(JSContext *ctx, QJSNodePrivate *priv)
^
src/content/handlers/javascript/quickjs/impl/navigator_impl.c:19:0: style: The function 'wisp_navigator_appCodeName_get_impl' is never used. [unusedFunction]
JSValue wisp_navigator_appCodeName_get_impl(JSContext *ctx, QJSNodePrivate *priv) { return JS_NewString(ctx, "Mozilla"); }
^
src/content/handlers/javascript/quickjs/impl/navigator_impl.c:20:0: style: The function 'wisp_navigator_appName_get_impl' is never used. [unusedFunction]
JSValue wisp_navigator_appName_get_impl(JSContext *ctx, QJSNodePrivate *priv) { return JS_NewString(ctx, "Netscape"); }
^
src/content/handlers/javascript/quickjs/impl/navigator_impl.c:21:0: style: The function 'wisp_navigator_appVersion_get_impl' is never used. [unusedFunction]
JSValue wisp_navigator_appVersion_get_impl(JSContext *ctx, QJSNodePrivate *priv) { return JS_NewString(ctx, "5.0 (Windows)"); }
^
src/content/handlers/javascript/quickjs/impl/navigator_impl.c:22:0: style: The function 'wisp_navigator_platform_get_impl' is never used. [unusedFunction]
JSValue wisp_navigator_platform_get_impl(JSContext *ctx, QJSNodePrivate *priv) { return JS_NewString(ctx, "Win32"); }
^
src/content/handlers/javascript/quickjs/impl/navigator_impl.c:23:0: style: The function 'wisp_navigator_product_get_impl' is never used. [unusedFunction]
JSValue wisp_navigator_product_get_impl(JSContext *ctx, QJSNodePrivate *priv) { return JS_NewString(ctx, "Gecko"); }
^
src/content/handlers/javascript/quickjs/impl/navigator_impl.c:25:0: style: The function 'wisp_navigator_language_get_impl' is never used. [unusedFunction]
JSValue wisp_navigator_language_get_impl(JSContext *ctx, QJSNodePrivate *priv)
^
src/content/handlers/javascript/quickjs/impl/node_impl.c:16:0: style: The function 'wisp_node_hasChildNodes_impl' is never used. [unusedFunction]
JSValue wisp_node_hasChildNodes_impl(JSContext *ctx, QJSNodePrivate *priv)
^
src/content/handlers/javascript/quickjs/impl/node_impl.c:24:0: style: The function 'wisp_node_normalize_impl' is never used. [unusedFunction]
JSValue wisp_node_normalize_impl(JSContext *ctx, QJSNodePrivate *priv)
^
src/content/handlers/javascript/quickjs/impl/node_impl.c:31:0: style: The function 'wisp_node_cloneNode_impl' is never used. [unusedFunction]
JSValue wisp_node_cloneNode_impl(JSContext *ctx, QJSNodePrivate *priv, bool deep)
^
src/content/handlers/javascript/quickjs/impl/node_impl.c:42:0: style: The function 'wisp_node_isEqualNode_impl' is never used. [unusedFunction]
JSValue wisp_node_isEqualNode_impl(JSContext *ctx, QJSNodePrivate *priv, void * otherNode)
^
src/content/handlers/javascript/quickjs/impl/node_impl.c:50:0: style: The function 'wisp_node_compareDocumentPosition_impl' is never used. [unusedFunction]
JSValue wisp_node_compareDocumentPosition_impl(JSContext *ctx, QJSNodePrivate *priv, void * other)
^
src/content/handlers/javascript/quickjs/impl/node_impl.c:58:0: style: The function 'wisp_node_contains_impl' is never used. [unusedFunction]
JSValue wisp_node_contains_impl(JSContext *ctx, QJSNodePrivate *priv, void * other)
^
src/content/handlers/javascript/quickjs/impl/node_impl.c:66:0: style: The function 'wisp_node_lookupPrefix_impl' is never used. [unusedFunction]
JSValue wisp_node_lookupPrefix_impl(JSContext *ctx, QJSNodePrivate *priv, const char * namespace)
^
src/content/handlers/javascript/quickjs/impl/node_impl.c:72:0: style: The function 'wisp_node_lookupNamespaceURI_impl' is never used. [unusedFunction]
JSValue wisp_node_lookupNamespaceURI_impl(JSContext *ctx, QJSNodePrivate *priv, const char * namespaceURI)
^
src/content/handlers/javascript/quickjs/impl/node_impl.c:78:0: style: The function 'wisp_node_isDefaultNamespace_impl' is never used. [unusedFunction]
JSValue wisp_node_isDefaultNamespace_impl(JSContext *ctx, QJSNodePrivate *priv, const char * namespace)
^
src/content/handlers/javascript/quickjs/impl/node_impl.c:84:0: style: The function 'wisp_node_insertBefore_impl' is never used. [unusedFunction]
JSValue wisp_node_insertBefore_impl(JSContext *ctx, QJSNodePrivate *priv, void * node, void * child)
^
src/content/handlers/javascript/quickjs/impl/node_impl.c:95:0: style: The function 'wisp_node_appendChild_impl' is never used. [unusedFunction]
JSValue wisp_node_appendChild_impl(JSContext *ctx, QJSNodePrivate *priv, void * node)
^
src/content/handlers/javascript/quickjs/impl/node_impl.c:106:0: style: The function 'wisp_node_replaceChild_impl' is never used. [unusedFunction]
JSValue wisp_node_replaceChild_impl(JSContext *ctx, QJSNodePrivate *priv, void * node, void * child)
^
src/content/handlers/javascript/quickjs/impl/node_impl.c:117:0: style: The function 'wisp_node_removeChild_impl' is never used. [unusedFunction]
JSValue wisp_node_removeChild_impl(JSContext *ctx, QJSNodePrivate *priv, void * child)
^
src/content/handlers/javascript/quickjs/impl/node_impl.c:128:0: style: The function 'wisp_node_nodeType_get_impl' is never used. [unusedFunction]
JSValue wisp_node_nodeType_get_impl(JSContext *ctx, QJSNodePrivate *priv)
^
src/content/handlers/javascript/quickjs/impl/node_impl.c:136:0: style: The function 'wisp_node_nodeName_get_impl' is never used. [unusedFunction]
JSValue wisp_node_nodeName_get_impl(JSContext *ctx, QJSNodePrivate *priv)
^
src/content/handlers/javascript/quickjs/impl/node_impl.c:149:0: style: The function 'wisp_node_baseURI_get_impl' is never used. [unusedFunction]
JSValue wisp_node_baseURI_get_impl(JSContext *ctx, QJSNodePrivate *priv)
^
src/content/handlers/javascript/quickjs/impl/node_impl.c:155:0: style: The function 'wisp_node_ownerDocument_get_impl' is never used. [unusedFunction]
JSValue wisp_node_ownerDocument_get_impl(JSContext *ctx, QJSNodePrivate *priv)
^
src/content/handlers/javascript/quickjs/impl/node_impl.c:168:0: style: The function 'wisp_node_parentNode_get_impl' is never used. [unusedFunction]
JSValue wisp_node_parentNode_get_impl(JSContext *ctx, QJSNodePrivate *priv)
^
src/content/handlers/javascript/quickjs/impl/node_impl.c:181:0: style: The function 'wisp_node_parentElement_get_impl' is never used. [unusedFunction]
JSValue wisp_node_parentElement_get_impl(JSContext *ctx, QJSNodePrivate *priv)
^
src/content/handlers/javascript/quickjs/impl/node_impl.c:202:0: style: The function 'wisp_node_childNodes_get_impl' is never used. [unusedFunction]
JSValue wisp_node_childNodes_get_impl(JSContext *ctx, QJSNodePrivate *priv)
^
src/content/handlers/javascript/quickjs/impl/node_impl.c:208:0: style: The function 'wisp_node_firstChild_get_impl' is never used. [unusedFunction]
JSValue wisp_node_firstChild_get_impl(JSContext *ctx, QJSNodePrivate *priv)
^
src/content/handlers/javascript/quickjs/impl/node_impl.c:221:0: style: The function 'wisp_node_lastChild_get_impl' is never used. [unusedFunction]
JSValue wisp_node_lastChild_get_impl(JSContext *ctx, QJSNodePrivate *priv)
^
src/content/handlers/javascript/quickjs/impl/node_impl.c:234:0: style: The function 'wisp_node_previousSibling_get_impl' is never used. [unusedFunction]
JSValue wisp_node_previousSibling_get_impl(JSContext *ctx, QJSNodePrivate *priv)
^
src/content/handlers/javascript/quickjs/impl/node_impl.c:247:0: style: The function 'wisp_node_nextSibling_get_impl' is never used. [unusedFunction]
JSValue wisp_node_nextSibling_get_impl(JSContext *ctx, QJSNodePrivate *priv)
^
src/content/handlers/javascript/quickjs/impl/node_impl.c:260:0: style: The function 'wisp_node_nodeValue_get_impl' is never used. [unusedFunction]
JSValue wisp_node_nodeValue_get_impl(JSContext *ctx, QJSNodePrivate *priv)
^
src/content/handlers/javascript/quickjs/impl/node_impl.c:273:0: style: The function 'wisp_node_nodeValue_set_impl' is never used. [unusedFunction]
JSValue wisp_node_nodeValue_set_impl(JSContext *ctx, QJSNodePrivate *priv, const char * value)
^
src/content/handlers/javascript/quickjs/impl/node_impl.c:280:0: style: The function 'wisp_node_textContent_get_impl' is never used. [unusedFunction]
JSValue wisp_node_textContent_get_impl(JSContext *ctx, QJSNodePrivate *priv)
^
src/content/handlers/javascript/quickjs/impl/node_impl.c:293:0: style: The function 'wisp_node_textContent_set_impl' is never used. [unusedFunction]
JSValue wisp_node_textContent_set_impl(JSContext *ctx, QJSNodePrivate *priv, const char * value)
^
src/content/handlers/javascript/quickjs/impl/storage_impl.c:10:0: style: The function 'wisp_storage_getItem_impl' is never used. [unusedFunction]
JSValue wisp_storage_getItem_impl(JSContext *ctx, QJSNodePrivate *priv, const char * key)
^
src/content/handlers/javascript/quickjs/impl/storage_impl.c:15:0: style: The function 'wisp_storage_setItem_impl' is never used. [unusedFunction]
JSValue wisp_storage_setItem_impl(JSContext *ctx, QJSNodePrivate *priv, const char * key, const char * value)
^
src/content/handlers/javascript/quickjs/impl/storage_impl.c:20:0: style: The function 'wisp_storage_removeItem_impl' is never used. [unusedFunction]
JSValue wisp_storage_removeItem_impl(JSContext *ctx, QJSNodePrivate *priv, const char * key)
^
src/content/handlers/javascript/quickjs/impl/storage_impl.c:25:0: style: The function 'wisp_storage_clear_impl' is never used. [unusedFunction]
JSValue wisp_storage_clear_impl(JSContext *ctx, QJSNodePrivate *priv)
^
src/content/handlers/javascript/quickjs/impl/storage_impl.c:30:0: style: The function 'wisp_storage_key_impl' is never used. [unusedFunction]
JSValue wisp_storage_key_impl(JSContext *ctx, QJSNodePrivate *priv, uint32_t index)
^
src/content/handlers/javascript/quickjs/impl/storage_impl.c:35:0: style: The function 'wisp_storage_length_get_impl' is never used. [unusedFunction]
JSValue wisp_storage_length_get_impl(JSContext *ctx, QJSNodePrivate *priv)
^
src/content/handlers/javascript/quickjs/impl/text_impl.c:8:0: style: The function 'wisp_text_splitText_impl' is never used. [unusedFunction]
JSValue wisp_text_splitText_impl(JSContext *ctx, QJSNodePrivate *priv, uint32_t offset)
^
src/content/handlers/javascript/quickjs/impl/text_impl.c:20:0: style: The function 'wisp_text_wholeText_get_impl' is never used. [unusedFunction]
JSValue wisp_text_wholeText_get_impl(JSContext *ctx, QJSNodePrivate *priv)
^
src/content/handlers/javascript/quickjs/impl/window_impl.c:53:0: style: The function 'wisp_window_window_get_impl' is never used. [unusedFunction]
JSValue wisp_window_window_get_impl(JSContext *ctx, QJSNodePrivate *priv)
^
src/content/handlers/javascript/quickjs/impl/window_impl.c:58:0: style: The function 'wisp_window_self_get_impl' is never used. [unusedFunction]
JSValue wisp_window_self_get_impl(JSContext *ctx, QJSNodePrivate *priv)
^
src/content/handlers/javascript/quickjs/impl/window_impl.c:63:0: style: The function 'wisp_window_document_get_impl' is never used. [unusedFunction]
JSValue wisp_window_document_get_impl(JSContext *ctx, QJSNodePrivate *priv)
^
src/content/handlers/javascript/quickjs/impl/window_impl.c:72:0: style: The function 'wisp_window_navigator_get_impl' is never used. [unusedFunction]
JSValue wisp_window_navigator_get_impl(JSContext *ctx, QJSNodePrivate *priv)
^
src/content/handlers/javascript/quickjs/impl/window_impl.c:80:0: style: The function 'wisp_window_location_get_impl' is never used. [unusedFunction]
JSValue wisp_window_location_get_impl(JSContext *ctx, QJSNodePrivate *priv)
^
src/content/handlers/javascript/quickjs/impl/window_impl.c:88:0: style: The function 'wisp_window_localStorage_get_impl' is never used. [unusedFunction]
JSValue wisp_window_localStorage_get_impl(JSContext *ctx, QJSNodePrivate *priv)
^
src/content/handlers/javascript/quickjs/impl/window_impl.c:96:0: style: The function 'wisp_window_sessionStorage_get_impl' is never used. [unusedFunction]
JSValue wisp_window_sessionStorage_get_impl(JSContext *ctx, QJSNodePrivate *priv)
^
src/content/handlers/javascript/quickjs/impl/window_impl.c:104:0: style: The function 'wisp_window_console_get_impl' is never used. [unusedFunction]
JSValue wisp_window_console_get_impl(JSContext *ctx, QJSNodePrivate *priv)
^
src/content/handlers/javascript/quickjs/impl/window_impl.c:112:0: style: The function 'wisp_window_alert_impl' is never used. [unusedFunction]
JSValue wisp_window_alert_impl(JSContext *ctx, QJSNodePrivate *priv, const char * message)
^
src/content/handlers/javascript/quickjs/impl/worker_impl.c:36:0: style: The function 'qjs_init_worker' is never used. [unusedFunction]
int qjs_init_worker(JSContext *ctx) {
^
src/content/handlers/javascript/quickjs/impl/worker_impl.c:67:0: style: The function 'wisp_worker_postMessage_impl' is never used. [unusedFunction]
JSValue wisp_worker_postMessage_impl(JSContext *ctx, QJSNodePrivate *priv_node, JSValue message, JSValue transfer) {
^
src/content/handlers/javascript/quickjs/impl/worker_impl.c:79:0: style: The function 'wisp_worker_terminate_impl' is never used. [unusedFunction]
JSValue wisp_worker_terminate_impl(JSContext *ctx, QJSNodePrivate *priv_node) {
^
src/content/handlers/javascript/quickjs/impl/worker_impl.c:85:0: style: The function 'wisp_worker_onmessage_get_impl' is never used. [unusedFunction]
JSValue wisp_worker_onmessage_get_impl(JSContext *ctx, QJSNodePrivate *priv_node) {
^
src/content/handlers/javascript/quickjs/impl/worker_impl.c:90:0: style: The function 'wisp_worker_onmessage_set_impl' is never used. [unusedFunction]
JSValue wisp_worker_onmessage_set_impl(JSContext *ctx, QJSNodePrivate *priv_node, JSValue value) {
^
src/content/handlers/javascript/quickjs/impl/worker_impl.c:96:0: style: The function 'wisp_worker_onerror_get_impl' is never used. [unusedFunction]
JSValue wisp_worker_onerror_get_impl(JSContext *ctx, QJSNodePrivate *priv_node) {
^
src/content/handlers/javascript/quickjs/impl/worker_impl.c:101:0: style: The function 'wisp_worker_onerror_set_impl' is never used. [unusedFunction]
JSValue wisp_worker_onerror_set_impl(JSContext *ctx, QJSNodePrivate *priv_node, JSValue value) {
^
src/content/handlers/javascript/quickjs/impl/xhr_impl.c:219:0: style: The function 'wisp_xmlhttprequest_readyState_get_impl' is never used. [unusedFunction]
JSValue wisp_xmlhttprequest_readyState_get_impl(JSContext *ctx, QJSNodePrivate *priv)
^
src/content/handlers/javascript/quickjs/impl/xhr_impl.c:225:0: style: The function 'wisp_xmlhttprequest_status_get_impl' is never used. [unusedFunction]
JSValue wisp_xmlhttprequest_status_get_impl(JSContext *ctx, QJSNodePrivate *priv)
^
src/content/handlers/javascript/quickjs/impl/xhr_impl.c:231:0: style: The function 'wisp_xmlhttprequest_statusText_get_impl' is never used. [unusedFunction]
JSValue wisp_xmlhttprequest_statusText_get_impl(JSContext *ctx, QJSNodePrivate *priv)
^
src/content/handlers/javascript/quickjs/impl/xhr_impl.c:244:0: style: The function 'wisp_xmlhttprequest_open_impl' is never used. [unusedFunction]
JSValue wisp_xmlhttprequest_open_impl(JSContext *ctx, QJSNodePrivate *priv, const char * method, const char * url)
^
src/content/handlers/javascript/quickjs/impl/xhr_impl.c:269:0: style: The function 'wisp_xmlhttprequest_send_impl' is never used. [unusedFunction]
JSValue wisp_xmlhttprequest_send_impl(JSContext *ctx, QJSNodePrivate *priv)
^
src/content/handlers/javascript/quickjs/impl/xhr_impl.c:311:0: style: The function 'wisp_xmlhttprequest_setRequestHeader_impl' is never used. [unusedFunction]
JSValue wisp_xmlhttprequest_setRequestHeader_impl(JSContext *ctx, QJSNodePrivate *priv, const char * header, const char * value)
^
src/content/handlers/javascript/quickjs/impl/xhr_impl.c:319:0: style: The function 'wisp_xmlhttprequest_getResponseHeader_impl' is never used. [unusedFunction]
JSValue wisp_xmlhttprequest_getResponseHeader_impl(JSContext *ctx, QJSNodePrivate *priv, const char * header)
^
src/content/handlers/javascript/quickjs/impl/xhr_impl.c:338:0: style: The function 'wisp_xmlhttprequest_getAllResponseHeaders_impl' is never used. [unusedFunction]
JSValue wisp_xmlhttprequest_getAllResponseHeaders_impl(JSContext *ctx, QJSNodePrivate *priv)
^
src/content/handlers/javascript/quickjs/impl/xhr_impl.c:344:0: style: The function 'wisp_xmlhttprequest_abort_impl' is never used. [unusedFunction]
JSValue wisp_xmlhttprequest_abort_impl(JSContext *ctx, QJSNodePrivate *priv) {
^
src/content/handlers/javascript/quickjs/impl/xhr_impl.c:354:0: style: The function 'wisp_xmlhttprequest_overrideMimeType_impl' is never used. [unusedFunction]
JSValue wisp_xmlhttprequest_overrideMimeType_impl(JSContext *ctx, QJSNodePrivate *priv, const char * mime) { return JS_UNDEFINED; }
^
src/content/handlers/javascript/quickjs/impl/xhr_impl.c:355:0: style: The function 'wisp_xmlhttprequest_responseType_get_impl' is never used. [unusedFunction]
JSValue wisp_xmlhttprequest_responseType_get_impl(JSContext *ctx, QJSNodePrivate *priv) { return JS_NewString(ctx, ""); }
^
src/content/handlers/javascript/quickjs/impl/xhr_impl.c:356:0: style: The function 'wisp_xmlhttprequest_responseType_set_impl' is never used. [unusedFunction]
JSValue wisp_xmlhttprequest_responseType_set_impl(JSContext *ctx, QJSNodePrivate *priv, const char * value) { return JS_UNDEFINED; }
^
src/content/handlers/javascript/quickjs/impl/xhr_impl.c:358:0: style: The function 'wisp_xmlhttprequest_responseXML_get_impl' is never used. [unusedFunction]
JSValue wisp_xmlhttprequest_responseXML_get_impl(JSContext *ctx, QJSNodePrivate *priv) {
^
src/content/handlers/javascript/quickjs/impl/xhr_impl.c:368:0: style: The function 'wisp_xmlhttprequest_response_get_impl' is never used. [unusedFunction]
JSValue wisp_xmlhttprequest_response_get_impl(JSContext *ctx, QJSNodePrivate *priv) { return wisp_xmlhttprequest_responseText_get_impl(ctx, priv); }
^
src/content/handlers/javascript/quickjs/impl/xhr_impl.c:369:0: style: The function 'wisp_xmlhttprequest_timeout_get_impl' is never used. [unusedFunction]
JSValue wisp_xmlhttprequest_timeout_get_impl(JSContext *ctx, QJSNodePrivate *priv) { return JS_NewInt32(ctx, 0); }
^
src/content/handlers/javascript/quickjs/impl/xhr_impl.c:370:0: style: The function 'wisp_xmlhttprequest_timeout_set_impl' is never used. [unusedFunction]
JSValue wisp_xmlhttprequest_timeout_set_impl(JSContext *ctx, QJSNodePrivate *priv, int32_t value) { return JS_UNDEFINED; }
^
src/content/handlers/javascript/quickjs/impl/xhr_impl.c:371:0: style: The function 'wisp_xmlhttprequest_withCredentials_get_impl' is never used. [unusedFunction]
JSValue wisp_xmlhttprequest_withCredentials_get_impl(JSContext *ctx, QJSNodePrivate *priv) { return JS_FALSE; }
^
src/content/handlers/javascript/quickjs/impl/xhr_impl.c:372:0: style: The function 'wisp_xmlhttprequest_withCredentials_set_impl' is never used. [unusedFunction]
JSValue wisp_xmlhttprequest_withCredentials_set_impl(JSContext *ctx, QJSNodePrivate *priv, bool value) { return JS_UNDEFINED; }
^
src/content/handlers/javascript/quickjs/impl/xhr_impl.c:373:0: style: The function 'wisp_xmlhttprequest_upload_get_impl' is never used. [unusedFunction]
JSValue wisp_xmlhttprequest_upload_get_impl(JSContext *ctx, QJSNodePrivate *priv) { return JS_NULL; }
^
src/content/handlers/javascript/quickjs/impl/xhr_impl.c:374:0: style: The function 'wisp_xmlhttprequest_responseURL_get_impl' is never used. [unusedFunction]
JSValue wisp_xmlhttprequest_responseURL_get_impl(JSContext *ctx, QJSNodePrivate *priv) {
^
src/content/handlers/javascript/quickjs/qjs.c:393:0: style: The function 'qjs_get_window_priv' is never used. [unusedFunction]
void *qjs_get_window_priv(JSContext *ctx)
^
src/content/handlers/javascript/quickjs/qjs.c:399:0: style: The function 'qjs_get_document_priv' is never used. [unusedFunction]
void *qjs_get_document_priv(JSContext *ctx)
^
src/content/handlers/javascript/quickjs/qjs.c:405:0: style: The function 'js_initialise' is never used. [unusedFunction]
void js_initialise(void)
^
src/content/handlers/javascript/quickjs/qjs.c:420:0: style: The function 'js_finalise' is never used. [unusedFunction]
void js_finalise(void)
^
src/content/handlers/javascript/quickjs/qjs.c:440:0: style: The function 'js_newheap' is never used. [unusedFunction]
nserror js_newheap(int timeout, jsheap **heap)
^
src/content/handlers/javascript/quickjs/qjs.c:471:0: style: The function 'js_newthread' is never used. [unusedFunction]
nserror js_newthread(jsheap *heap, void *win_priv, void *doc_priv, jsthread **thread)
^
src/content/handlers/javascript/quickjs/timers.c:163:0: style: The function 'js_clearInterval' is never used. [unusedFunction]
static JSValue js_clearInterval(JSContext *ctx, JSValueConst this_val, int argc, JSValueConst *argv)
^
src/content/handlers/javascript/quickjs/wisp_subsystem.c:287:0: style: The function 'init_wisp_subsystem' is never used. [unusedFunction]
void init_wisp_subsystem(int queue_size) {
^
src/content/handlers/javascript/quickjs/wisp_subsystem.c:318:0: style: The function 'shutdown_wisp_subsystem' is never used. [unusedFunction]
void shutdown_wisp_subsystem(void) {
^
src/content/handlers/javascript/quickjs/wisp_subsystem.c:471:0: style: The function 'wisp_dispatch_raster' is never used. [unusedFunction]
bool wisp_dispatch_raster(const char *script, void (*func)(void*), void *arg, float priority) {
^
src/content/handlers/javascript/quickjs/wisp_subsystem.c:482:0: style: The function 'wisp_dispatch' is never used. [unusedFunction]
void wisp_dispatch(char *script, void (*func)(void*), void *arg) {
^
src/content/handlers/javascript/quickjs/wisp_subsystem.c:715:0: style: The function 'wisp_worker_handle_ref' is never used. [unusedFunction]
void wisp_worker_handle_ref(WispWorkerHandle *h) {
^
src/content/handlers/text/textplain.c:1493:0: style: The function 'textplain_init' is never used. [unusedFunction]
nserror textplain_init(void)
^
src/content/hlcache.c:543:0: style: The function 'hlcache_initialise' is never used. [unusedFunction]
nserror hlcache_initialise(const struct hlcache_parameters *hlcache_parameters)
^
src/content/hlcache.c:568:0: style: The function 'hlcache_stop' is never used. [unusedFunction]
void hlcache_stop(void)
^
src/content/hlcache.c:575:0: style: The function 'hlcache_finalise' is never used. [unusedFunction]
void hlcache_finalise(void)
^
src/content/hlcache.c:982:0: style: The function 'hlcache_handle_replace_callback' is never used. [unusedFunction]
nserror hlcache_handle_replace_callback(hlcache_handle *handle, hlcache_handle_callback cb, void *pw)
^
src/content/hlcache.c:990:0: style: The function 'hlcache_handle_clone' is never used. [unusedFunction]
nserror hlcache_handle_clone(hlcache_handle *handle, hlcache_handle **result)
^
src/content/textsearch.c:613:0: style: The function 'content_textsearch' is never used. [unusedFunction]
nserror content_textsearch(struct hlcache_handle *h, void *context, search_flags_t flags, const char *string)
^
src/content/textsearch.c:658:0: style: The function 'content_textsearch_clear' is never used. [unusedFunction]
nserror content_textsearch_clear(struct hlcache_handle *h)
^
src/content/urldb.c:2726:0: style: The function 'urldb_init' is never used. [unusedFunction]
nserror urldb_init(void)
^
src/content/urldb.c:2742:0: style: The function 'urldb_destroy' is never used. [unusedFunction]
void urldb_destroy(void)
^
src/content/urldb.c:2754:0: style: The function 'urldb_load' is never used. [unusedFunction]
nserror urldb_load(const char *filename)
^
src/content/urldb.c:3075:0: style: The function 'urldb_save' is never used. [unusedFunction]
nserror urldb_save(const char *filename)
^
src/content/urldb.c:3102:0: style: The function 'urldb_set_url_persistence' is never used. [unusedFunction]
nserror urldb_set_url_persistence(nsurl *url, bool persist)
^
src/content/urldb.c:3201:0: style: The function 'urldb_set_url_title' is never used. [unusedFunction]
nserror urldb_set_url_title(nsurl *url, const char *title)
^
src/content/urldb.c:3231:0: style: The function 'urldb_set_url_content_type' is never used. [unusedFunction]
nserror urldb_set_url_content_type(nsurl *url, content_type type)
^
src/content/urldb.c:3249:0: style: The function 'urldb_update_url_visit_data' is never used. [unusedFunction]
nserror urldb_update_url_visit_data(nsurl *url)
^
src/content/urldb.c:3268:0: style: The function 'urldb_reset_url_visit_data' is never used. [unusedFunction]
void urldb_reset_url_visit_data(nsurl *url)
^
src/content/urldb.c:3302:0: style: The function 'urldb_get_url' is never used. [unusedFunction]
nsurl *urldb_get_url(nsurl *url)
^
src/content/urldb.c:3317:0: style: The function 'urldb_set_auth_details' is never used. [unusedFunction]
void urldb_set_auth_details(nsurl *url, const char *realm, const char *auth)
^
src/content/urldb.c:3423:0: style: The function 'urldb_set_cert_permissions' is never used. [unusedFunction]
void urldb_set_cert_permissions(nsurl *url, bool permit)
^
src/content/urldb.c:3599:0: style: The function 'urldb_host_is_ip_address' is never used. [unusedFunction]
bool urldb_host_is_ip_address(const char *host)
^
src/content/urldb.c:3604:0: style: The function 'urldb_host_is_valid_domain' is never used. [unusedFunction]
bool urldb_host_is_valid_domain(const char *host)
^
src/content/urldb.c:3635:0: style: The function 'urldb_iterate_partial' is never used. [unusedFunction]
void urldb_iterate_partial(const char *prefix, bool (*callback)(nsurl *url, const struct url_data *data))
^
src/content/urldb.c:3695:0: style: The function 'urldb_iterate_entries' is never used. [unusedFunction]
void urldb_iterate_entries(bool (*callback)(nsurl *url, const struct url_data *data))
^
src/content/urldb.c:3710:0: style: The function 'urldb_iterate_cookies' is never used. [unusedFunction]
void urldb_iterate_cookies(bool (*callback)(const struct cookie_data *data))
^
src/content/urldb.c:4221:0: style: The function 'urldb_delete_cookie' is never used. [unusedFunction]
void urldb_delete_cookie(const char *domain, const char *path, const char *name)
^
src/content/urldb.c:4228:0: style: The function 'urldb_load_cookies' is never used. [unusedFunction]
void urldb_load_cookies(const char *filename)
^
src/content/urldb.c:4430:0: style: The function 'urldb_save_cookies' is never used. [unusedFunction]
void urldb_save_cookies(const char *filename)
^
src/content/urldb.c:4493:0: style: The function 'urldb_dump' is never used. [unusedFunction]
void urldb_dump(void)
^
nofile:0:0: information: Active checkers: 113/592 (use --checkers-report=<filename> to see details) [checkersReport]
